Country name,Year,Death rates from disasters,"Number of people affected by disasters per 100,000"
Afghanistan,1900,0,0
Afghanistan,1910,0,0
Afghanistan,1920,0,0
Afghanistan,1930,0,0
Afghanistan,1940,0,0
Afghanistan,1950,2.729844,0
Afghanistan,1960,0.11684459,45.73828
Afghanistan,1970,0.40745312,562.38696
Afghanistan,1980,0.5764702,241.34755
Afghanistan,1990,6.4954915,300.829
Afghanistan,2000,1.9007057,2561.5183
Afghanistan,2010,0.8079613,4404.831
Afghanistan,2020,1.7006058,9519.594
Africa,1900,0.80053777,0
Africa,1910,5.8966246,2.2195923
Africa,1920,1.7733641,0
Africa,1930,0.001154095,0
Africa,1940,2.466107,0
Africa,1950,0.088464476,0
Africa,1960,0.55886775,308.99112
Africa,1970,3.058322,659.8018
Africa,1980,10.826237,1708.674
Africa,1990,0.13574287,1436.9752
Africa,2000,0.15821798,1570.4761
Africa,2010,0.29594868,1431.093
Africa,2020,0.15691559,2562.8826
Albania,1900,1.4128035,0
Albania,1910,0,0
Albania,1920,2.1070974,0
Albania,1930,1.4868479,29.286865
Albania,1940,0.3785258,0
Albania,1950,0,0
Albania,1960,0.13363032,0
Albania,1970,0.121159084,0
Albania,1980,0.39739525,9769.824
Albania,1990,0.045474514,147.68152
Albania,2000,0.048693184,1966.1346
Albania,2010,0.22947024,1800.9639
Albania,2020,0,0.9808352
Algeria,1900,0,0
Algeria,1910,0.022152033,0
Algeria,1920,4.8467937,0
Algeria,1930,0,0
Algeria,1940,0.3310169,0
Algeria,1950,1.274814,0
Algeria,1960,0.17642513,255.17767
Algeria,1970,0.02146117,87.19663
Algeria,1980,1.5055892,270.15747
Algeria,1990,0.11872024,5.7450647
Algeria,2000,1.1469415,59.114258
Algeria,2010,0.029141698,68.760956
Algeria,2020,0.1103788,50.60249
American Samoa,1900,0,0
American Samoa,1910,0,0
American Samoa,1920,0,0
American Samoa,1930,0,0
American Samoa,1940,0,0
American Samoa,1950,0,0
American Samoa,1960,37.27171,0
American Samoa,1970,0,0
American Samoa,1980,0,0
American Samoa,1990,0,0
American Samoa,2000,7.1738963,3920.408
American Samoa,2010,0,0
American Samoa,2020,0,0
Angola,1900,0,0
Angola,1910,0,0
Angola,1920,0,0
Angola,1930,0,0
Angola,1940,0,0
Angola,1950,0,0
Angola,1960,0,0
Angola,1970,0,0
Angola,1980,0,2342.4844
Angola,1990,0,70.60652
Angola,2000,0.21261802,410.8526
Angola,2010,0.16129752,1299.4479
Angola,2020,0.054159775,1605.6417
Anguilla,1900,0,0
Anguilla,1910,0,0
Anguilla,1920,0,0
Anguilla,1930,0,0
Anguilla,1940,0,0
Anguilla,1950,0,0
Anguilla,1960,8.661008,0
Anguilla,1970,0,0
Anguilla,1980,0,0
Anguilla,1990,0,139.61281
Anguilla,2000,0,0
Anguilla,2010,2.6595745,9973.404
Anguilla,2020,0,0
Antigua and Barbuda,1900,0,0
Antigua and Barbuda,1910,0,0
Antigua and Barbuda,1920,0,0
Antigua and Barbuda,1930,0,0
Antigua and Barbuda,1940,0,0
Antigua and Barbuda,1950,0.43998593,0
Antigua and Barbuda,1960,0.3612978,0
Antigua and Barbuda,1970,0,0
Antigua and Barbuda,1980,0.31418383,12641.522
Antigua and Barbuda,1990,0.83873045,609.4836
Antigua and Barbuda,2000,0,3098.4663
Antigua and Barbuda,2010,0.10972974,780.87604
Antigua and Barbuda,2020,0,0
Argentina,1900,0,0
Argentina,1910,0,0
Argentina,1920,0.45306244,0
Argentina,1930,0,0
Argentina,1940,6.5789714,78.94766
Argentina,1950,0.18278418,0
Argentina,1960,0.07268729,115.96231
Argentina,1970,0.15477641,48.06891
Argentina,1980,0.04839355,3966.2158
Argentina,1990,0.038167574,134.05278
Argentina,2000,0.047174897,186.61714
Argentina,2010,0.04389261,185.16573
Argentina,2020,0.013263631,95.564514
Armenia,1900,0,0
Armenia,1910,0,0
Armenia,1920,0,0
Armenia,1930,25.761663,0
Armenia,1940,0,0
Armenia,1950,0,0
Armenia,1960,0,0
Armenia,1970,0,0
Armenia,1980,0,0
Armenia,1990,0.012227098,67.24905
Armenia,2000,0.003261847,937.34467
Armenia,2010,0,340.9427
Armenia,2020,0,33.694397
Asia,1900,13.814176,0.9060215
Asia,1910,1.9152327,34.26055
Asia,1920,34.759228,192.2264
Asia,1930,37.737423,80.32149
Asia,1940,27.069513,18.65242
Asia,1950,12.616407,126.276405
Asia,1960,8.910407,862.7929
Asia,1970,3.2201061,1958.9175
Asia,1980,0.34676623,3582.0737
Asia,1990,1.0360906,5063.9204
Asia,2000,1.6513296,5139.0806
Asia,2010,0.2601418,3126.2544
Asia,2020,0.12800108,1321.4719
Australia,1900,0,0
Australia,1910,0,0
Australia,1920,0,0
Australia,1930,0.10307821,0
Australia,1940,0.06624297,0
Australia,1950,0.07600563,0
Australia,1960,0.5705613,6.592869
Australia,1970,0.12872165,48.147896
Australia,1980,0.137235,54.77391
Australia,1990,0.08155537,8861.79
Australia,2000,0.27664784,42.086914
Australia,2010,0.11123453,148.0318
Australia,2020,0.049774446,243.92096
Austria,1900,0,0
Austria,1910,0,0
Austria,1920,0,0
Austria,1930,0,0
Austria,1940,0,0
Austria,1950,0.34303063,0.5475785
Austria,1960,0,0
Austria,1970,0.01979694,0
Austria,1980,0.087284036,0
Austria,1990,0.082957335,12.51348
Austria,2000,0.47524637,76.35607
Austria,2010,0.029845728,0.47456604
Austria,2020,0.003736047,0
Azerbaijan,1900,0.46135977,93.774055
Azerbaijan,1910,0,0
Azerbaijan,1920,0,0
Azerbaijan,1930,0,0
Azerbaijan,1940,0,0
Azerbaijan,1950,0,0
Azerbaijan,1960,0,0
Azerbaijan,1970,0,0
Azerbaijan,1980,0,0
Azerbaijan,1990,0.022565512,2870.0527
Azerbaijan,2000,0.051279917,44.223125
Azerbaijan,2010,0.008518897,92.12112
Azerbaijan,2020,0,0
Bahamas,1900,0,0
Bahamas,1910,0,0
Bahamas,1920,0,0
Bahamas,1930,1.9928542,0
Bahamas,1940,2.889604,0
Bahamas,1950,0,0
Bahamas,1960,0.33037537,82.837456
Bahamas,1970,0,0
Bahamas,1980,0,0
Bahamas,1990,0.17307551,0
Bahamas,2000,0.40646434,583.8382
Bahamas,2010,9.666113,830.66327
Bahamas,2020,0,0
Bangladesh,1900,0.06437889,0
Bangladesh,1910,0,0
Bangladesh,1920,0.002171468,0
Bangladesh,1930,0,0
Bangladesh,1940,553.76,0
Bangladesh,1950,0.15405138,0
Bangladesh,1960,18.54505,4805.624
Bangladesh,1970,49.419437,7564.122
Bangladesh,1980,2.7174869,16839.73
Bangladesh,1990,13.352219,6799.258
Bangladesh,2000,0.6606779,5120.703
Bangladesh,2010,0.109300114,2472.117
Bangladesh,2020,0.08385096,3322.8853
Barbados,1900,0,0
Barbados,1910,0,0
Barbados,1920,0,0
Barbados,1930,0,0
Barbados,1940,0,0
Barbados,1950,2.507368,0
Barbados,1960,0,0
Barbados,1970,0.12427403,8.284936
Barbados,1980,0,0
Barbados,1990,0,0
Barbados,2000,0.037242007,0
Barbados,2010,0.035816748,91.00274
Barbados,2020,0,369.12704
Belarus,1900,0,0
Belarus,1910,0,0
Belarus,1920,0,0
Belarus,1930,0,0
Belarus,1940,0,0
Belarus,1950,0,0
Belarus,1960,0,0
Belarus,1970,0,0
Belarus,1980,0,0
Belarus,1990,0.006747452,60.340137
Belarus,2000,0.005032629,0
Belarus,2010,0.05048461,144.44417
Belarus,2020,0,0
Belgium,1900,0.008369862,0
Belgium,1910,0,0
Belgium,1920,0,7.5399876
Belgium,1930,0.07454925,0
Belgium,1940,0,0
Belgium,1950,0.017088955,0.40043852
Belgium,1960,0.012919586,0
Belgium,1970,0,0.62070704
Belgium,1980,0.002027056,1.0135278
Belgium,1990,0.024946008,2.5415869
Belgium,2000,2.029221,2.5172706
Belgium,2010,1.0001377,0.6343108
Belgium,2020,4.326973,5.597939
Belize,1900,0,0
Belize,1910,0,0
Belize,1920,0,0
Belize,1930,280.48392,0
Belize,1940,0,0
Belize,1950,1.999875,0
Belize,1960,29.325827,0
Belize,1970,0.35984427,7072.117
Belize,1980,0,0
Belize,1990,0.40014762,2795.3696
Belize,2000,2.1601613,5628.1396
Belize,2010,0,837.63605
Belize,2020,0,19210.6
Benin,1900,0,0
Benin,1910,0,0
Benin,1920,0,0
Benin,1930,0,0
Benin,1940,0,0
Benin,1950,0,0
Benin,1960,0,388.35947
Benin,1970,0.005499133,10.998266
Benin,1980,0.13802285,7631.9756
Benin,1990,0.0608948,1208.829
Benin,2000,0.03930751,320.5505
Benin,2010,0.05366375,812.58466
Benin,2020,0.15899926,292.63342
Bermuda,1900,0,0
Bermuda,1910,0,0
Bermuda,1920,0,0
Bermuda,1930,0,0
Bermuda,1940,0,0
Bermuda,1950,0,0
Bermuda,1960,0,0
Bermuda,1970,0,0
Bermuda,1980,0,0
Bermuda,1990,0,0
Bermuda,2000,0.64010245,0
Bermuda,2010,0,0
Bermuda,2020,0,0
Bhutan,1900,0,0
Bhutan,1910,0,0
Bhutan,1920,0,0
Bhutan,1930,0,0
Bhutan,1940,0,0
Bhutan,1950,0,0
Bhutan,1960,0,0
Bhutan,1970,0,0
Bhutan,1980,0,0
Bhutan,1990,0.7481756,1258.4697
Bhutan,2000,3.7355995,0
Bhutan,2010,0.0140186,280.372
Bhutan,2020,0.42872456,21.436228
Bolivia,1900,0,0
Bolivia,1910,0,0
Bolivia,1920,0,0
Bolivia,1930,0,0
Bolivia,1940,0,0
Bolivia,1950,0,0
Bolivia,1960,0.18517333,61.290558
Bolivia,1970,0.1533839,463.5152
Bolivia,1980,0.49044925,5628.5337
Bolivia,1990,0.38765356,930.6894
Bolivia,2000,0.5094235,1683.4637
Bolivia,2010,0.42293975,2468.9343
Bolivia,2020,0.38815776,2317.201
Bosnia and Herzegovina,1900,0,0
Bosnia and Herzegovina,1910,0,0
Bosnia and Herzegovina,1920,0,0
Bosnia and Herzegovina,1930,0,0
Bosnia and Herzegovina,1940,0,0
Bosnia and Herzegovina,1950,0,0
Bosnia and Herzegovina,1960,0,0
Bosnia and Herzegovina,1970,0,0
Bosnia and Herzegovina,1980,0,0
Bosnia and Herzegovina,1990,0,2.4078944
Bosnia and Herzegovina,2000,0.02670478,885.9909
Bosnia and Herzegovina,2010,0.099788666,2923.9807
Bosnia and Herzegovina,2020,0.010308651,2709.18
Botswana,1900,0,0
Botswana,1910,0,0
Botswana,1920,0,0
Botswana,1930,0,0
Botswana,1940,0,0
Botswana,1950,0,0
Botswana,1960,0,2080.576
Botswana,1970,0,1495.0538
Botswana,1980,0.06342783,10650.185
Botswana,1990,0.12956381,768.119
Botswana,2000,0.017371245,669.63257
Botswana,2010,0.054120243,201.77135
Botswana,2020,0,0
Brazil,1900,0,0
Brazil,1910,0,0
Brazil,1920,0,0
Brazil,1930,0,0
Brazil,1940,0.05817176,0
Brazil,1950,0.0494431,0
Brazil,1960,0.3100754,543.27203
Brazil,1970,0.13079233,1700.4053
Brazil,1980,0.14030594,2199.5208
Brazil,1990,0.04718798,598.62286
Brazil,2000,0.060398668,324.50626
Brazil,2010,0.08452543,2151.1938
Brazil,2020,0.10912836,279.57986
British Virgin Islands,1900,0,0
British Virgin Islands,1910,0,0
British Virgin Islands,1920,0,0
British Virgin Islands,1930,0,0
British Virgin Islands,1940,0,0
British Virgin Islands,1950,0,0
British Virgin Islands,1960,0,0
British Virgin Islands,1970,0,0
British Virgin Islands,1980,0,0
British Virgin Islands,1990,0,0
British Virgin Islands,2000,0,0
British Virgin Islands,2010,2.9916234,0
British Virgin Islands,2020,0,0
Brunei,1900,0,0
Brunei,1910,0,0
Brunei,1920,0,0
Brunei,1930,0,0
Brunei,1940,0,0
Brunei,1950,0,0
Brunei,1960,0,0
Brunei,1970,0,0
Brunei,1980,0,0
Brunei,1990,0,0
Brunei,2000,0,0
Brunei,2010,0,0
Brunei,2020,0,0
Bulgaria,1900,0,0
Bulgaria,1910,0,0
Bulgaria,1920,0.18368572,0
Bulgaria,1930,0,0
Bulgaria,1940,0,0
Bulgaria,1950,0,0
Bulgaria,1960,0.01334129,0
Bulgaria,1970,0.02238276,0
Bulgaria,1980,0.003373782,0
Bulgaria,1990,0.004783556,6.4108777
Bulgaria,2000,0.12901951,17.659811
Bulgaria,2010,0.09002315,61.657494
Bulgaria,2020,0,56.296833
Burkina Faso,1900,0,0
Burkina Faso,1910,0,0
Burkina Faso,1920,0,0
Burkina Faso,1930,0,0
Burkina Faso,1940,0,0
Burkina Faso,1950,0,0
Burkina Faso,1960,0,1767.6641
Burkina Faso,1970,0,704.9706
Burkina Faso,1980,0.018467816,2062.6836
Burkina Faso,1990,0.027003255,3005.4133
Burkina Faso,2000,0.044936042,170.43849
Burkina Faso,2010,0.034643512,4037.549
Burkina Faso,2020,0.020133846,4656.8667
Burundi,1900,0,0
Burundi,1910,0,0
Burundi,1920,0,0
Burundi,1930,0,0
Burundi,1940,0,0
Burundi,1950,0,0
Burundi,1960,0,0
Burundi,1970,0,0
Burundi,1980,0.022330957,6.6992874
Burundi,1990,0.009708441,1101.6006
Burundi,2000,0.21251266,3253.8171
Burundi,2010,0.22950187,60.041073
Burundi,2020,0.013638588,239.64642
Cambodia,1900,0,0
Cambodia,1910,0,0
Cambodia,1920,0,0
Cambodia,1930,0,0
Cambodia,1940,0,0
Cambodia,1950,0,0
Cambodia,1960,0,0
Cambodia,1970,0,0
Cambodia,1980,0,0
Cambodia,1990,0.66423833,7125.9355
Cambodia,2000,0.38547313,6749.558
Cambodia,2010,0.35484293,4374.727
Cambodia,2020,0.15308322,1904.8035
Cameroon,1900,0,0
Cameroon,1910,0,0
Cameroon,1920,0,0
Cameroon,1930,0,0
Cameroon,1940,0,0
Cameroon,1950,0,0
Cameroon,1960,0,0
Cameroon,1970,0,603.55884
Cameroon,1980,1.767311,10.817949
Cameroon,1990,0.022695465,165.21043
Cameroon,2000,0.04391423,13.112849
Cameroon,2010,0.042338736,146.01678
Cameroon,2020,0.008358846,216.04112
Canada,1900,0.20962077,0
Canada,1910,0.30100867,0
Canada,1920,0.075741656,0
Canada,1930,0.4582552,24.219893
Canada,1940,0.013379206,0
Canada,1950,0.06022428,77.85743
Canada,1960,0.03092611,0
Canada,1970,0.024879036,0
Canada,1980,0.01596916,26.42139
Canada,1990,0.021214021,22.079601
Canada,2000,0.013317058,5.70079
Canada,2010,0.026304545,84.01492
Canada,2020,0.7285381,82.95279
Cape Verde,1900,748.70166,0
Cape Verde,1910,0,0
Cape Verde,1920,1577.3077,0
Cape Verde,1930,0,0
Cape Verde,1940,2548.824,0
Cape Verde,1950,0,0
Cape Verde,1960,0,0
Cape Verde,1970,0,0
Cape Verde,1980,0.9563631,228.29654
Cape Verde,1990,0,258.75748
Cape Verde,2000,0.05817979,636.8408
Cape Verde,2010,0.16299358,1284.8086
Cape Verde,2020,0.057210267,4020.499
Cayman Islands,1900,0,0
Cayman Islands,1910,0,0
Cayman Islands,1920,0,0
Cayman Islands,1930,0,0
Cayman Islands,1940,0,0
Cayman Islands,1950,0,0
Cayman Islands,1960,0,0
Cayman Islands,1970,0,0
Cayman Islands,1980,0,0
Cayman Islands,1990,0,0
Cayman Islands,2000,0.4413939,70.62147
Cayman Islands,2010,0,0
Cayman Islands,2020,0,0
Central African Republic,1900,0,0
Central African Republic,1910,0,0
Central African Republic,1920,0,0
Central African Republic,1930,0,0
Central African Republic,1940,0,0
Central African Republic,1950,0,0
Central African Republic,1960,0,0
Central African Republic,1970,0,59.201023
Central African Republic,1980,0,3.6869924
Central African Republic,1990,0.020811183,108.51437
Central African Republic,2000,0.031061592,33.729794
Central African Republic,2010,0.010625904,203.22466
Central African Republic,2020,0.09559405,908.38446
Chad,1900,0,0
Chad,1910,0,0
Chad,1920,0,0
Chad,1930,0,0
Chad,1940,0,0
Chad,1950,0,0
Chad,1960,0,2503.3699
Chad,1970,0.03067083,0
Chad,1980,6.903924,3491.4475
Chad,1990,0.067446776,1162.5958
Chad,2000,0.1995427,3405.138
Chad,2010,0.068101555,3108.0286
Chad,2020,0.1094733,6571.362
Chile,1900,59.114372,0
Chile,1910,0,0
Chile,1920,2.9086478,0
Chile,1930,55.804733,0
Chile,1940,0.24504296,0
Chile,1950,0.02135493,0
Chile,1960,8.583375,2999.7634
Chile,1970,0.15949221,2485.9192
Chile,1980,0.43007734,1130.9915
Chile,1990,0.23872074,178.12405
Chile,2000,0.09331189,458.51096
Chile,2010,0.49373928,1915.5575
Chile,2020,0,1.9169093
China,1900,0.35609207,0.2407632
China,1910,3.7562187,80.64929
China,1920,79.132454,423.52893
China,1930,88.063675,198.1661
China,1940,1.1048566,0
China,1950,31.410362,183.83055
China,1960,0.04716915,0
China,1970,3.1899908,183.11467
China,1980,0.20002483,2081.9644
China,1990,0.22894648,9882.405
China,2000,0.74031615,9029.45
China,2010,0.10910109,3982.3706
China,2020,0.027311862,914.76385
Colombia,1900,0.86630565,0
Colombia,1910,0,0
Colombia,1920,0.5721356,0
Colombia,1930,0.020252435,0
Colombia,1940,0.8574106,0
Colombia,1950,0.5178516,0
Colombia,1960,0.16842192,55.518295
Colombia,1970,0.91864294,2440.3274
Colombia,1980,8.087995,188.88394
Colombia,1990,0.5773252,340.34677
Colombia,2000,0.31832898,1283.9781
Colombia,2010,0.37110505,1068.4958
Colombia,2020,0.14876676,424.44498
Comoros,1900,1.8971944,0
Comoros,1910,0,0
Comoros,1920,0,0
Comoros,1930,0,0
Comoros,1940,0,0
Comoros,1950,30.274406,0
Comoros,1960,0,0
Comoros,1970,0.033538364,670.7673
Comoros,1980,1.5845041,1774.0281
Comoros,1990,0,0
Comoros,2000,0.0480007,4830.6147
Comoros,2010,0.15957005,5585.6094
Comoros,2020,0,0
Congo,1900,0,0
Congo,1910,0,0
Congo,1920,0,0
Congo,1930,0,0
Congo,1940,0,0
Congo,1950,0,0
Congo,1960,1.2047033,3.9113746
Congo,1970,0,0
Congo,1980,0,0
Congo,1990,0.006629847,262.50552
Congo,2000,0.018456984,65.561554
Congo,2010,0.040311802,386.6516
Congo,2020,0.25399885,652.2867
Cook Islands,1900,0,0
Cook Islands,1910,0,0
Cook Islands,1920,0,0
Cook Islands,1930,0,0
Cook Islands,1940,0,0
Cook Islands,1950,0,0
Cook Islands,1960,0,0
Cook Islands,1970,0,0
Cook Islands,1980,3.0162272,1206.491
Cook Islands,1990,11.374968,397.59174
Cook Islands,2000,0,881.2093
Cook Islands,2010,0,1272.8433
Cook Islands,2020,0,0
Costa Rica,1900,0,0
Costa Rica,1910,62.773514,0
Costa Rica,1920,0,0
Costa Rica,1930,0,0
Costa Rica,1940,0,0
Costa Rica,1950,0.37525994,0
Costa Rica,1960,0.6341989,129.27383
Costa Rica,1970,0.243474,422.6145
Costa Rica,1980,0.16650894,459.59048
Costa Rica,1990,0.40041775,2719.3125
Costa Rica,2000,0.22158858,1060.0121
Costa Rica,2010,0.13006534,557.664
Costa Rica,2020,0.01940256,3386.3562
Cote d'Ivoire,1900,0,0
Cote d'Ivoire,1910,0,0
Cote d'Ivoire,1920,0,0
Cote d'Ivoire,1930,0,0
Cote d'Ivoire,1940,0,0
Cote d'Ivoire,1950,0,0
Cote d'Ivoire,1960,0,0
Cote d'Ivoire,1970,0,0
Cote d'Ivoire,1980,0,6.106628
Cote d'Ivoire,1990,0.018904937,0
Cote d'Ivoire,2000,0.016021281,1.231482
Cote d'Ivoire,2010,0.062038016,18.283854
Cote d'Ivoire,2020,0.045225576,34.130825
Croatia,1900,0,0
Croatia,1910,0,0
Croatia,1920,0,0
Croatia,1930,0,0
Croatia,1940,0,0
Croatia,1950,0,0
Croatia,1960,0,0
Croatia,1970,0,0
Croatia,1980,0,0
Croatia,1990,0,0
Croatia,2000,1.899546,4.546175
Croatia,2010,0.025584647,39.678608
Croatia,2020,0.0732266,1703.5029
Cuba,1900,0,0
Cuba,1910,0,0
Cuba,1920,1.682249,0
Cuba,1930,6.216054,0
Cuba,1940,0.024729831,0
Cuba,1950,0,0
Cuba,1960,2.2681222,189.53996
Cuba,1970,0.03699388,18.712143
Cuba,1980,0.068304904,894.8051
Cuba,1990,0.0772852,2153.3748
Cuba,2000,0.039193556,8763.324
Cuba,2010,0.03885905,9173.245
Cuba,2020,0.026756573,1823.5381
Cyprus,1900,0,0
Cyprus,1910,0,0
Cyprus,1920,0,0
Cyprus,1930,0,0
Cyprus,1940,0,0
Cyprus,1950,0.7736555,0
Cyprus,1960,0.047108334,47.108334
Cyprus,1970,0,0
Cyprus,1980,0,0
Cyprus,1990,0.5917035,19.82795
Cyprus,2000,0.08997766,0
Cyprus,2010,0,0
Cyprus,2020,0.10716451,4.018669
Czechia,1900,0,0
Czechia,1910,0,0
Czechia,1920,0,0
Czechia,1930,0,0
Czechia,1940,0,0
Czechia,1950,0,0
Czechia,1960,0,0
Czechia,1970,0,0
Czechia,1980,0,0
Czechia,1990,0.035029795,85.40183
Czechia,2000,0.4689938,213.40031
Czechia,2010,0.069536366,1237.7201
Czechia,2020,0.025369836,11.416884
Czechoslovakia,1900,0,0
Czechoslovakia,1910,0,0
Czechoslovakia,1920,0,0
Czechoslovakia,1930,0,0
Czechoslovakia,1940,0,0
Czechoslovakia,1950,0,0
Czechoslovakia,1960,0,0
Czechoslovakia,1970,0.009556746,0
Czechoslovakia,1980,0.006472953,0.39227068
Czechoslovakia,1990,0,0
Czechoslovakia,2000,0,0
Czechoslovakia,2010,0,0
Czechoslovakia,2020,0,0
Democratic Republic of Congo,1900,0,0
Democratic Republic of Congo,1910,0,0
Democratic Republic of Congo,1920,0,0
Democratic Republic of Congo,1930,0,0
Democratic Republic of Congo,1940,0,0
Democratic Republic of Congo,1950,0,0
Democratic Republic of Congo,1960,0.09433212,1.9874897
Democratic Republic of Congo,1970,0.06060241,199.87814
Democratic Republic of Congo,1980,0,103.4723
Democratic Republic of Congo,1990,0.018557351,23.73205
Democratic Republic of Congo,2000,0.0785316,21.34457
Democratic Republic of Congo,2010,0.09096431,88.02042
Democratic Republic of Congo,2020,0.05505948,242.5821
Denmark,1900,0,0
Denmark,1910,0,0
Denmark,1920,0,0
Denmark,1930,0,0
Denmark,1940,0,0
Denmark,1950,0,0
Denmark,1960,0,0
Denmark,1970,0,0
Denmark,1980,0.021457125,0
Denmark,1990,0.015102027,0
Denmark,2000,0.009217112,0
Denmark,2010,0.003555307,0
Denmark,2020,0.005666757,0
Djibouti,1900,0,0
Djibouti,1910,0,0
Djibouti,1920,0,0
Djibouti,1930,0,0
Djibouti,1940,0,0
Djibouti,1950,0,0
Djibouti,1960,0,0
Djibouti,1970,0,6949.9263
Djibouti,1980,0.9243364,13137.765
Djibouti,1990,2.3256485,4884.7
Djibouti,2000,0.62318236,7354.03
Djibouti,2010,0.12133878,4742.8193
Djibouti,2020,0.24461196,9078.357
Dominica,1900,0,0
Dominica,1910,0,0
Dominica,1920,0,0
Dominica,1930,471.70923,0
Dominica,1940,0,0
Dominica,1950,0,0
Dominica,1960,0,0
Dominica,1970,5.4954114,9616.97
Dominica,1980,0.27794376,1491.1532
Dominica,1990,0.28891712,58.213146
Dominica,2000,0.29074416,1104.8698
Dominica,2010,13.372131,14143.084
Dominica,2020,0,0
Dominican Republic,1900,0,0
Dominican Republic,1910,0,0
Dominican Republic,1920,0,0
Dominican Republic,1930,15.889776,47.669327
Dominican Republic,1940,0.3532336,0
Dominican Republic,1950,0,0
Dominican Republic,1960,1.3044219,584.81384
Dominican Republic,1970,2.5453832,2134.7803
Dominican Republic,1980,0.087633885,2002.2433
Dominican Republic,1990,0.5199879,1090.3258
Dominican Republic,2000,1.0279264,322.0671
Dominican Republic,2010,0.05378105,2868.7778
Dominican Republic,2020,0.03011582,4319.6924
East Germany,1900,0,0
East Germany,1910,0,0
East Germany,1920,0,0
East Germany,1930,0,0
East Germany,1940,0,0
East Germany,1950,0,0
East Germany,1960,0,0
East Germany,1970,0,0
East Germany,1980,0,0
East Germany,1990,0,0
East Germany,2000,0,0
East Germany,2010,0,0
East Germany,2020,0,0
Ecuador,1900,0,0
Ecuador,1910,0,0
Ecuador,1920,0.20959912,0
Ecuador,1930,0.9220141,0
Ecuador,1940,18.545477,296.79184
Ecuador,1950,0.32838863,0
Ecuador,1960,0.090979144,1286.5913
Ecuador,1970,0.258972,372.37564
Ecuador,1980,5.75983,1090.6245
Ecuador,1990,0.6695343,287.26974
Ecuador,2000,0.2218558,730.0633
Ecuador,2010,0.48452297,904.91406
Ecuador,2020,0.15382203,399.3831
Egypt,1900,0,0
Egypt,1910,0,0
Egypt,1920,0.009117156,0
Egypt,1930,0,0
Egypt,1940,0,0
Egypt,1950,0.008388662,0
Egypt,1960,0.000588305,0
Egypt,1970,0.016300257,18.999609
Egypt,1980,0.005677376,0
Egypt,1990,0.20941038,27.334736
Egypt,2000,0.016205093,0.14114086
Egypt,2010,0.023681428,3.6684022
Egypt,2020,0.013322355,7.6328464
El Salvador,1900,0,0
El Salvador,1910,0,0
El Salvador,1920,0,0
El Salvador,1930,14.027407,0
El Salvador,1940,0,0
El Salvador,1950,4.927975,0
El Salvador,1960,0.39880592,297.92014
El Salvador,1970,0,0
El Salvador,1980,3.468732,1255.3378
El Salvador,1990,0.9030769,168.95198
El Salvador,2000,2.646828,3602.8435
El Salvador,2010,0.12961878,2397.6094
El Salvador,2020,0.48154604,847.39215
Eritrea,1900,0,0
Eritrea,1910,0,0
Eritrea,1920,0,0
Eritrea,1930,0,0
Eritrea,1940,0,0
Eritrea,1950,0,0
Eritrea,1960,0,0
Eritrea,1970,0,0
Eritrea,1980,0,0
Eritrea,1990,0.015140627,17835.287
Eritrea,2000,0,5681.0977
Eritrea,2010,0,0
Eritrea,2020,0,0
Estonia,1900,0,0
Estonia,1910,0,0
Estonia,1920,0,0
Estonia,1930,0,0
Estonia,1940,0,0
Estonia,1950,0,0
Estonia,1960,0,0
Estonia,1970,0,0
Estonia,1980,0,0
Estonia,1990,0,0
Estonia,2000,0.022145696,0.7381899
Estonia,2010,0.060504626,0
Estonia,2020,0,0
Eswatini,1900,0,0
Eswatini,1910,0,0
Eswatini,1920,0,0
Eswatini,1930,0,0
Eswatini,1940,0,0
Eswatini,1950,0,0
Eswatini,1960,0,0
Eswatini,1970,0,0
Eswatini,1980,8.896582,9330.989
Eswatini,1990,0,2927.332
Eswatini,2000,0.027728545,15841.819
Eswatini,2010,0.09770205,6293.3394
Eswatini,2020,0,0
Ethiopia,1900,0,0
Ethiopia,1910,0,0
Ethiopia,1920,0,0
Ethiopia,1930,0,0
Ethiopia,1940,0,0
Ethiopia,1950,0,0
Ethiopia,1960,0.8313708,1227.8453
Ethiopia,1970,32.603012,997.54285
Ethiopia,1980,78.55975,5085.692
Ethiopia,1990,0.079701796,1045.946
Ethiopia,2000,0.18556367,3687.578
Ethiopia,2010,0.020260429,1746.3612
Ethiopia,2020,0.014104815,8816.862
Europe,1900,1.864256,6.5022607
Europe,1910,0.6699877,0
Europe,1920,26.212397,109.06966
Europe,1930,0.0497299,0.45769718
Europe,1940,2.343933,0.18617956
Europe,1950,0.13794906,5.7515345
Europe,1960,0.08688729,11.678463
Europe,1970,0.07434369,57.160732
Europe,1980,0.46731237,84.38674
Europe,1990,0.09157096,223.1388
Europe,2000,1.1377926,125.49822
Europe,2010,0.90653473,68.66429
Europe,2020,0.30483964,37.917183
European Union (27),1900,2.7618487,5.48528
European Union (27),1910,1.0738174,0
European Union (27),1920,0.09838113,0.20100568
European Union (27),1930,0.07325585,0.64393723
European Union (27),1940,0.04215505,0.31032896
European Union (27),1950,0.1080994,9.671403
European Union (27),1960,0.09672718,3.6317344
European Union (27),1970,0.116981715,89.9312
European Union (27),1980,0.170956,34.555763
European Union (27),1990,0.057846412,272.29068
European Union (27),2000,1.827989,28.193537
European Union (27),2010,0.20300853,56.605133
European Union (27),2020,0.313199,30.499043
Fiji,1900,0,0
Fiji,1910,0,0
Fiji,1920,0,0
Fiji,1930,9.889534,0
Fiji,1940,0.23096466,0
Fiji,1950,0.72150296,0
Fiji,1960,0.06460927,388.94812
Fiji,1970,1.9563094,3027.4424
Fiji,1980,1.2608501,8653.552
Fiji,1990,0.7352525,5244.687
Fiji,2000,0.7998725,589.2216
Fiji,2010,0.80752254,9442.753
Fiji,2020,0.5418771,12905.443
Finland,1900,0,0
Finland,1910,0,0
Finland,1920,0,0
Finland,1930,0,0
Finland,1940,0,0
Finland,1950,0,0
Finland,1960,0,0
Finland,1970,0,0
Finland,1980,0,0
Finland,1990,0,0
Finland,2000,0,0.76247555
Finland,2010,0,0
Finland,2020,0,0
France,1900,0.011385672,0
France,1910,0,0
France,1920,0.007041922,0
France,1930,0.017223744,0
France,1940,0.01923553,0
France,1950,0.007820467,0
France,1960,0.010363045,0
France,1970,0.030099276,4.9116836
France,1980,0.027678944,1.1484537
France,1990,0.06379962,604.404
France,2000,3.5132678,10.200868
France,2010,0.76690865,84.54036
France,2020,1.0090897,39.516785
French Guiana,1900,0,0
French Guiana,1910,0,0
French Guiana,1920,0,0
French Guiana,1930,0,0
French Guiana,1940,0,0
French Guiana,1950,0,0
French Guiana,1960,0,0
French Guiana,1970,0,0
French Guiana,1980,0,0
French Guiana,1990,0,0
French Guiana,2000,0.6083946,0
French Guiana,2010,0,0
French Guiana,2020,0,15.923311
French Polynesia,1900,0,0
French Polynesia,1910,0,0
French Polynesia,1920,0,0
French Polynesia,1930,0,0
French Polynesia,1940,0,0
French Polynesia,1950,0,0
French Polynesia,1960,0,0
French Polynesia,1970,0,0
French Polynesia,1980,0.8988989,279.24225
French Polynesia,1990,0.5352173,20.585281
French Polynesia,2000,0,0
French Polynesia,2010,0.0352367,272.11172
French Polynesia,2020,0,0
Gabon,1900,0,0
Gabon,1910,0,0
Gabon,1920,0,0
Gabon,1930,0,0
Gabon,1940,0,0
Gabon,1950,0,0
Gabon,1960,0,0
Gabon,1970,0,0
Gabon,1980,0,107.47222
Gabon,1990,0,0
Gabon,2000,0,0
Gabon,2010,0.005444515,444.45804
Gabon,2020,0,0
Gambia,1900,0,0
Gambia,1910,0,0
Gambia,1920,0,0
Gambia,1930,0,0
Gambia,1940,0,0
Gambia,1950,0,0
Gambia,1960,0,6526.0386
Gambia,1970,0,0
Gambia,1980,0,6958.003
Gambia,1990,0.37951887,224.61263
Gambia,2000,0.06494055,181.91359
Gambia,2010,0.09700996,2717.1167
Gambia,2020,0.20017633,424.63373
Georgia,1900,0,0
Georgia,1910,0,0
Georgia,1920,0,0
Georgia,1930,0,0
Georgia,1940,0,0
Georgia,1950,0,0
Georgia,1960,0,0
Georgia,1970,0,0
Georgia,1980,0,0
Georgia,1990,0.03407655,5.376508
Georgia,2000,0.017281204,1705.0867
Georgia,2010,0.1375283,413.77356
Georgia,2020,0,107.51402
Germany,1900,0,0
Germany,1910,0,0
Germany,1920,0,0
Germany,1930,0,0
Germany,1940,0,0
Germany,1950,0,0
Germany,1960,0,0
Germany,1970,0,0
Germany,1980,0,0
Germany,1990,0.019507267,29.196032
Germany,2000,1.1674767,40.71598
Germany,2010,0.007194619,0.85003626
Germany,2020,0.081927344,0.23978354
Ghana,1900,0,0
Ghana,1910,0,0
Ghana,1920,0,0
Ghana,1930,0.053335026,0
Ghana,1940,0,0
Ghana,1950,0,0
Ghana,1960,0,29.69773
Ghana,1970,0,13.173956
Ghana,1980,0.007580501,10537.919
Ghana,1990,0.1134195,1701.1097
Ghana,2000,0.047520794,297.96164
Ghana,2010,0.073907755,423.2292
Ghana,2020,0.016387928,5.510752
Greece,1900,0.007776348,3.1494207
Greece,1910,0.025354786,0
Greece,1920,0.1640566,0
Greece,1930,0.26324067,14.641391
Greece,1940,0.006608514,13.331532
Greece,1950,0.7417465,30.75856
Greece,1960,0.16774699,89.79732
Greece,1970,0.10141066,662.2609
Greece,1980,1.1827981,131.40245
Greece,1990,0.22514954,130.78871
Greece,2000,0.12820202,17.711979
Greece,2010,0.14061883,82.00778
Greece,2020,0.041282713,205.43938
Grenada,1900,0,0
Grenada,1910,0,0
Grenada,1920,0,0
Grenada,1930,0,0
Grenada,1940,0,0
Grenada,1950,0,0
Grenada,1960,0.61919504,0
Grenada,1970,0,0
Grenada,1980,0,0
Grenada,1990,0,120.59818
Grenada,2000,3.560701,5484.468
Grenada,2010,0,0
Grenada,2020,0,0
Guadeloupe,1900,0,0
Guadeloupe,1910,0,0
Guadeloupe,1920,78.93252,0
Guadeloupe,1930,0,0
Guadeloupe,1940,0,0
Guadeloupe,1950,0,0
Guadeloupe,1960,1.28093,659.36255
Guadeloupe,1970,0,2289.2166
Guadeloupe,1980,0.12957698,0
Guadeloupe,1990,0.09394986,9.394986
Guadeloupe,2000,0.024471896,2.4471896
Guadeloupe,2010,0.100748815,2014.9763
Guadeloupe,2020,0.08422571,0
Guam,1900,0,0
Guam,1910,0,0
Guam,1920,0,0
Guam,1930,0,0
Guam,1940,0,0
Guam,1950,0,0
Guam,1960,0.7955028,0
Guam,1970,0.8858006,0
Guam,1980,0,0
Guam,1990,0.069839716,90.70765
Guam,2000,0.12247524,636.0746
Guam,2010,0,0
Guam,2020,0,0
Guatemala,1900,65.44022,0
Guatemala,1910,16.347933,0
Guatemala,1920,0,0
Guatemala,1930,0,0
Guatemala,1940,132.44783,0
Guatemala,1950,0,0
Guatemala,1960,0.50675356,19.21519
Guatemala,1970,36.270447,5916.908
Guatemala,1980,0.96300924,146.9115
Guatemala,1990,0.48063865,136.09232
Guatemala,2000,1.4469954,2457.6204
Guatemala,2010,0.7646428,4716.127
Guatemala,2020,0.4159309,11874.076
Guinea,1900,0,0
Guinea,1910,0,0
Guinea,1920,0,0
Guinea,1930,0,0
Guinea,1940,0,0
Guinea,1950,0,0
Guinea,1960,0,0
Guinea,1970,0,0
Guinea,1980,0.83865285,47.729355
Guinea,1990,0.015013969,8.609016
Guinea,2000,0.017449932,327.64877
Guinea,2010,0.02155138,100.680626
Guinea,2020,0.012316567,415.80338
Guinea-Bissau,1900,0,0
Guinea-Bissau,1910,0,0
Guinea-Bissau,1920,0,0
Guinea-Bissau,1930,0,0
Guinea-Bissau,1940,0,0
Guinea-Bissau,1950,0,0
Guinea-Bissau,1960,0,0
Guinea-Bissau,1970,0,0
Guinea-Bissau,1980,0.010771045,0
Guinea-Bissau,1990,0.025336254,26.429485
Guinea-Bissau,2000,0.022271516,1004.09064
Guinea-Bissau,2010,0.02834619,422.32742
Guinea-Bissau,2020,0,0
Guyana,1900,0,0
Guyana,1910,0,0
Guyana,1920,0,0
Guyana,1930,0,0
Guyana,1940,0,0
Guyana,1950,0,0
Guyana,1960,0,0
Guyana,1970,0,294.15433
Guyana,1980,0,0
Guyana,1990,0,8411.656
Guyana,2000,0.44753742,5404.306
Guyana,2010,0,2678.506
Guyana,2020,0,1449.9417
Haiti,1900,0.81496936,0
Haiti,1910,7.8813853,0
Haiti,1920,0,0
Haiti,1930,8.034704,0
Haiti,1940,0,0
Haiti,1950,2.0789797,718.18854
Haiti,1960,14.747388,810.2589
Haiti,1970,0.17517117,1937.501
Haiti,1980,0.7943634,2335.777
Haiti,1990,1.8761171,3413.2344
Haiti,2000,7.2776923,1198.1095
Haiti,2010,227.00977,10316.306
Haiti,2020,7.659202,2215.7986
High-income countries,1900,2.4195886,3.1313314
High-income countries,1910,0.80941993,0
High-income countries,1920,2.9238675,2.490071
High-income countries,1930,1.026476,0.95743513
High-income countries,1940,0.4165975,38.424496
High-income countries,1950,0.43714663,86.54774
High-income countries,1960,0.274713,136.06943
High-income countries,1970,0.10780684,70.272964
High-income countries,1980,0.16697766,54.837395
High-income countries,1990,0.1588297,324.701
High-income countries,2000,0.79555035,251.91333
High-income countries,2010,0.31983042,854.1257
High-income countries,2020,0.2540181,31.51603
Honduras,1900,0,0
Honduras,1910,0,0
Honduras,1920,0,0
Honduras,1930,14.44352,0
Honduras,1940,0,0
Honduras,1950,0,0
Honduras,1960,1.2850876,470.64383
Honduras,1970,34.75869,3081.9968
Honduras,1980,0.3838495,149.2987
Honduras,1990,24.292515,4502.3433
Honduras,2000,0.2460576,1372.0709
Honduras,2010,0.2483893,1800.767
Honduras,2020,0.47943738,17723.428
Hong Kong,1900,260.00568,0
Hong Kong,1910,0,0
Hong Kong,1920,1.4846134,0
Hong Kong,1930,87.207596,0
Hong Kong,1940,11.6556635,0
Hong Kong,1950,0.17337117,0
Hong Kong,1960,1.4248791,112.447395
Hong Kong,1970,1.0086097,69.491486
Hong Kong,1980,0.15939029,7.633868
Hong Kong,1990,0.19231327,11.207517
Hong Kong,2000,0.008645106,5.505292
Hong Kong,2010,0.001402045,21.066866
Hong Kong,2020,0.008895317,0.6226722
Hungary,1900,0,0
Hungary,1910,0,0
Hungary,1920,0,0
Hungary,1930,0,0
Hungary,1940,0,0
Hungary,1950,0,0
Hungary,1960,0,0
Hungary,1970,0.29082823,0
Hungary,1980,0.003780393,0
Hungary,1990,0.046919614,128.48253
Hungary,2000,0.65898436,45.393475
Hungary,2010,0.2002216,230.79396
Hungary,2020,0,0
Iceland,1900,0,0
Iceland,1910,0,0
Iceland,1920,0,0
Iceland,1930,0,0
Iceland,1940,0,0
Iceland,1950,0,0
Iceland,1960,0,0
Iceland,1970,0.60278684,244.84761
Iceland,1980,0.16867745,11.203585
Iceland,1990,1.2701306,2.3534772
Iceland,2000,0,4.583098
Iceland,2010,0,0
Iceland,2020,0,0
India,1900,43.476166,0
India,1910,0.009563604,0
India,1920,0.061693277,31.705778
India,1930,1.6208018,0
India,1940,39.34494,0.76874506
India,1950,0.17770721,53.16507
India,1960,30.29023,2343.4058
India,1970,0.5775989,5436.917
India,1980,0.2606264,7539.935
India,1990,0.49358928,3243.378
India,2000,0.5197286,5436.108
India,2010,0.16465564,3531.9983
India,2020,0.15761398,611.4219
Indonesia,1900,0,0
Indonesia,1910,4.380149,0
Indonesia,1920,0.19289389,0
Indonesia,1930,0.50198555,0.1533465
Indonesia,1940,0.033084646,2.1745775
Indonesia,1950,0.2962934,0.122884184
Indonesia,1960,1.1309433,135.72235
Indonesia,1970,0.34037125,374.9456
Indonesia,1980,0.20705985,125.391914
Indonesia,1990,0.28165698,334.7261
Indonesia,2000,7.899752,435.78577
Indonesia,2010,0.31236032,266.78186
Indonesia,2020,0.09291621,325.2871
Iran,1900,4.813412,0
Iran,1910,0.633415,0
Iran,1920,5.610476,0
Iran,1930,2.3824632,0
Iran,1940,0.8548437,0
Iran,1950,5.949951,5.0489964
Iran,1960,9.616877,352.34406
Iran,1970,9.214756,147.84785
Iran,1980,1.2035004,286.30154
Iran,1990,7.8532844,6011.326
Iran,2000,4.200258,334.177
Iran,2010,0.13114583,1251.3997
Iran,2020,0.07074537,2030.7505
Iraq,1900,0,0
Iraq,1910,0,0
Iraq,1920,0,0
Iraq,1930,0,0
Iraq,1940,0,0
Iraq,1950,0,0
Iraq,1960,0,917.4587
Iraq,1970,0,0
Iraq,1980,0,0
Iraq,1990,0.011206752,0
Iraq,2000,0.008948377,24.581224
Iraq,2010,0.031598985,26.173267
Iraq,2020,0.019266313,5369.2134
Ireland,1900,0,0
Ireland,1910,0,0
Ireland,1920,0,0
Ireland,1930,0,0
Ireland,1940,0,0
Ireland,1950,0,0
Ireland,1960,0,0
Ireland,1970,0,0
Ireland,1980,0.060082816,0
Ireland,1990,0.046687018,9.871112
Ireland,2000,0.002653256,1.2664019
Ireland,2010,0.012844607,1.9489617
Ireland,2020,0.006635998,0
Isle of Man,1900,0,0
Isle of Man,1910,0,0
Isle of Man,1920,0,0
Isle of Man,1930,0,0
Isle of Man,1940,0,0
Isle of Man,1950,0,0
Isle of Man,1960,0,0
Isle of Man,1970,0,0
Isle of Man,1980,0,0
Isle of Man,1990,0,0
Isle of Man,2000,0,0
Isle of Man,2010,0,0
Isle of Man,2020,0,0
Israel,1900,0.54346794,0
Israel,1910,0,0
Israel,1920,0,0
Israel,1930,0,0
Israel,1940,0,0
Israel,1950,0,0
Israel,1960,0,0
Israel,1970,0.068792015,0.044714812
Israel,1980,0,0
Israel,1990,0.03623316,2.068769
Israel,2000,0.004904401,0.6702681
Israel,2010,0.082136326,2689.2646
Israel,2020,0.026643869,0.07993161
Italy,1900,21.407488,42.095356
Italy,1910,8.226549,0
Italy,1920,0.4035991,0
Italy,1930,0.47598442,2.479047
Italy,1940,0.028598156,0
Italy,1950,0.11804741,0
Italy,1960,0.472384,10.444147
Italy,1970,0.2056411,266.06705
Italy,1980,0.9113508,78.30648
Italy,1990,0.058517206,3.7393386
Italy,2000,3.576596,10.2120495
Italy,2010,0.08617238,10.363033
Italy,2020,0.01911142,7.7177687
Jamaica,1900,20.882835,1142.0942
Jamaica,1910,2.3904674,0
Jamaica,1920,0.04401365,0
Jamaica,1930,1.8856395,0
Jamaica,1940,1.2703506,0
Jamaica,1950,1.0632385,138.08293
Jamaica,1960,0.06455884,551.8097
Jamaica,1970,0.23967695,962.0957
Jamaica,1980,0.5384175,3864.2537
Jamaica,1990,0.11489358,2297.835
Jamaica,2000,0.20573194,1605.3401
Jamaica,2010,0.05849002,1583.7517
Jamaica,2020,0,0
Japan,1900,0.05851755,0.03820848
Japan,1910,1.2789608,0
Japan,1920,25.9756,22.199575
Japan,1930,1.0812904,0
Japan,1940,2.8866646,318.2935
Japan,1950,1.9331969,634.8272
Japan,1960,0.3061247,446.63214
Japan,1970,0.14688954,33.92771
Japan,1980,0.13356866,35.592976
Japan,1990,0.49146175,64.172295
Japan,2000,0.064104885,123.79029
Japan,2010,1.7178093,254.21524
Japan,2020,0.04889108,84.23382
Jordan,1900,0,0
Jordan,1910,0,0
Jordan,1920,11.021051,0
Jordan,1930,0,0
Jordan,1940,0,0
Jordan,1950,0,0
Jordan,1960,2.5370631,31.858261
Jordan,1970,0,0
Jordan,1980,0.029853707,0
Jordan,1990,0.07029071,412.67392
Jordan,2000,0.027277747,296.6671
Jordan,2010,0.032505203,0
Jordan,2020,0,0
Kazakhstan,1900,0,0
Kazakhstan,1910,0.97557336,0
Kazakhstan,1920,0,0
Kazakhstan,1930,0,0
Kazakhstan,1940,0,0
Kazakhstan,1950,0,0
Kazakhstan,1960,0,0
Kazakhstan,1970,0,0
Kazakhstan,1980,0,0
Kazakhstan,1990,0.07403944,401.98123
Kazakhstan,2000,0.03545055,51.386906
Kazakhstan,2010,0.031611025,42.48527
Kazakhstan,2020,0,181.2446
Kenya,1900,0,0
Kenya,1910,0,0
Kenya,1920,0,0
Kenya,1930,0,0
Kenya,1940,0,0
Kenya,1950,0,0
Kenya,1960,0,292.66962
Kenya,1970,0.06859956,177.11371
Kenya,1980,0.06619516,333.77484
Kenya,1990,0.09141062,10160.291
Kenya,2000,0.19665226,2965.0796
Kenya,2010,0.20920919,3795.4824
Kenya,2020,0.18840206,3223.9087
Kiribati,1900,0,0
Kiribati,1910,0,0
Kiribati,1920,0,0
Kiribati,1930,0,0
Kiribati,1940,0,0
Kiribati,1950,0,0
Kiribati,1960,0,0
Kiribati,1970,0.50311935,117.394516
Kiribati,1980,0,0
Kiribati,1990,0,9621.001
Kiribati,2000,0,0
Kiribati,2010,0,147.64609
Kiribati,2020,0,0
Kuwait,1900,0,0
Kuwait,1910,0,0
Kuwait,1920,0,0
Kuwait,1930,0,0
Kuwait,1940,0,0
Kuwait,1950,0,0
Kuwait,1960,0,0
Kuwait,1970,0,0
Kuwait,1980,0,0
Kuwait,1990,0.011354134,1.1354134
Kuwait,2000,0,0
Kuwait,2010,0.002316322,0
Kuwait,2020,0,0
Kyrgyzstan,1900,0,0
Kyrgyzstan,1910,0,0
Kyrgyzstan,1920,0,0
Kyrgyzstan,1930,0,0
Kyrgyzstan,1940,0,0
Kyrgyzstan,1950,0,0
Kyrgyzstan,1960,0,0
Kyrgyzstan,1970,0,0
Kyrgyzstan,1980,0,0
Kyrgyzstan,1990,0.48847625,333.27017
Kyrgyzstan,2000,0.34433982,3742.7068
Kyrgyzstan,2010,0.067616895,62.351612
Kyrgyzstan,2020,0.07659616,69.62646
Laos,1900,0,0
Laos,1910,0,0
Laos,1920,0,0
Laos,1930,0,0
Laos,1940,0,0
Laos,1950,0,0
Laos,1960,1.2399399,322.76926
Laos,1970,0.14862837,13006.518
Laos,1980,0.03846192,1796.9205
Laos,1990,0.19947633,3889.3738
Laos,2000,0.08270004,2456.3765
Laos,2010,0.34056148,3464.3923
Laos,2020,0.013535263,627.3597
Latvia,1900,0,0
Latvia,1910,0,0
Latvia,1920,0,0
Latvia,1930,0,0
Latvia,1940,0,0
Latvia,1950,0,0
Latvia,1960,0,0
Latvia,1970,0,0
Latvia,1980,0,0
Latvia,1990,0.02472843,0
Latvia,2000,0.33350736,0
Latvia,2010,0.048694145,0
Latvia,2020,0,0
Lebanon,1900,0,0
Lebanon,1910,0,0
Lebanon,1920,0,0
Lebanon,1930,0,0
Lebanon,1940,0,0
Lebanon,1950,3.6761744,0
Lebanon,1960,0,0
Lebanon,1970,0,0
Lebanon,1980,0.064370856,4.4236436
Lebanon,1990,0.066748366,266.99347
Lebanon,2000,0.002079172,38.861904
Lebanon,2010,0.038208906,1583.2556
Lebanon,2020,0,0
Lesotho,1900,0,0
Lesotho,1910,0,0
Lesotho,1920,0,0
Lesotho,1930,0,0
Lesotho,1940,0,0
Lesotho,1950,0,0
Lesotho,1960,0,2140.6177
Lesotho,1970,0,0
Lesotho,1980,0.10594804,4350.696
Lesotho,1990,0.12228989,1843.7092
Lesotho,2000,0.005001305,4925.4316
Lesotho,2010,0.12759565,8837.562
Lesotho,2020,0,11364.743
Liberia,1900,0,0
Liberia,1910,0,0
Liberia,1920,0,0
Liberia,1930,0,0
Liberia,1940,0,0
Liberia,1950,0,0
Liberia,1960,0,0
Liberia,1970,0,0
Liberia,1980,0.22465238,0.9767495
Liberia,1990,0.037889883,4544.3706
Liberia,2000,0.00787429,48.292023
Liberia,2010,0.002487588,71.31211
Liberia,2020,0,0
Libya,1900,0,0
Libya,1910,0,0
Libya,1920,0,0
Libya,1930,0,0
Libya,1940,0,0
Libya,1950,0,0
Libya,1960,1.8811525,0
Libya,1970,0,0
Libya,1980,0,0
Libya,1990,0,0
Libya,2000,0,0
Libya,2010,0.03282161,33.7872
Libya,2020,0,0
Lithuania,1900,0,0
Lithuania,1910,0,0
Lithuania,1920,0,0
Lithuania,1930,0,0
Lithuania,1940,0,0
Lithuania,1950,0,0
Lithuania,1960,0,0
Lithuania,1970,0,0
Lithuania,1980,0,0
Lithuania,1990,0.10939939,2058.845
Lithuania,2000,0.056177486,0
Lithuania,2010,0.14398816,0
Lithuania,2020,0,0
Low-income countries,1900,0,0
Low-income countries,1910,10.533885,3.9656978
Low-income countries,1920,0,0
Low-income countries,1930,0,0
Low-income countries,1940,0,0
Low-income countries,1950,0.18292926,0
Low-income countries,1960,0.1789308,383.54733
Low-income countries,1970,6.2754536,969.4733
Low-income countries,1980,22.817293,2236.4856
Low-income countries,1990,0.46650714,1895.6638
Low-income countries,2000,0.2897727,2219.1335
Low-income countries,2010,0.57501036,2524.562
Low-income countries,2020,0.31231922,4627.708
Lower-middle-income countries,1900,24.279015,0
Lower-middle-income countries,1910,0.41183665,0
Lower-middle-income countries,1920,0.63873476,16.693172
Lower-middle-income countries,1930,1.967888,0.11482646
Lower-middle-income countries,1940,46.227093,0.568605
Lower-middle-income countries,1950,0.4857088,30.542843
Lower-middle-income countries,1960,15.224828,1418.4865
Lower-middle-income countries,1970,3.4824102,3227.8857
Lower-middle-income countries,1980,0.45350686,4761.988
Lower-middle-income countries,1990,1.4395468,2585.1628
Lower-middle-income countries,2000,2.0816445,3240.584
Lower-middle-income countries,2010,1.0109323,2566.1538
Lower-middle-income countries,2020,0.1809555,1390.7375
Luxembourg,1900,0,0
Luxembourg,1910,0,0
Luxembourg,1920,0,0
Luxembourg,1930,0,0
Luxembourg,1940,0,0
Luxembourg,1950,0,0
Luxembourg,1960,0,0
Luxembourg,1970,0,0
Luxembourg,1980,0,0
Luxembourg,1990,0,0
Luxembourg,2000,3.76647,0
Luxembourg,2010,0,24.19429
Luxembourg,2020,0,0
Macao,1900,0,0
Macao,1910,0,0
Macao,1920,0,0
Macao,1930,0,0
Macao,1940,0,0
Macao,1950,0,0
Macao,1960,0,0
Macao,1970,0,0
Macao,1980,0,0
Macao,1990,0,31.519144
Macao,2000,0,0
Macao,2010,0.1565896,0
Macao,2020,0,0
Madagascar,1900,0,0
Madagascar,1910,0,0
Madagascar,1920,0,0
Madagascar,1930,0,0
Madagascar,1940,0,0
Madagascar,1950,0,0
Madagascar,1960,0.17182304,165.67178
Madagascar,1970,0.35879424,4260.0127
Madagascar,1980,0.6362034,2329.575
Madagascar,1990,0.31120405,909.02277
Madagascar,2000,0.5520299,2714.0083
Madagascar,2010,0.2691208,1480.4028
Madagascar,2020,0.34021854,2571.8682
Malawi,1900,0,0
Malawi,1910,0,0
Malawi,1920,0,0
Malawi,1930,0,0
Malawi,1940,0,0
Malawi,1950,0,0
Malawi,1960,0,7.8899865
Malawi,1970,0,33.17221
Malawi,1980,0.023978475,1731.6842
Malawi,1990,0.48480126,10251.53
Malawi,2000,0.5129455,7755.8755
Malawi,2010,0.21980844,6265.565
Malawi,2020,0.13948986,1641.7878
Malaysia,1900,0,0
Malaysia,1910,0,0
Malaysia,1920,0,0
Malaysia,1930,0,0
Malaysia,1940,0,0
Malaysia,1950,0,0
Malaysia,1960,0.080162674,470.6297
Malaysia,1970,0.0591859,238.16493
Malaysia,1980,0.032276865,64.47902
Malaysia,1990,0.2195345,16.58468
Malaysia,2000,0.08065296,157.48013
Malaysia,2010,0.025137741,855.83234
Malaysia,2020,0.0872736,212.43921
Maldives,1900,0,0
Maldives,1910,0,0
Maldives,1920,0,0
Maldives,1930,0,0
Maldives,1940,0,0
Maldives,1950,0,0
Maldives,1960,0,0
Maldives,1970,0,0
Maldives,1980,0,14.686588
Maldives,1990,0,0
Maldives,2000,3.3758962,447.88165
Maldives,2010,0,35.677616
Maldives,2020,0,84.37702
Mali,1900,0,0
Mali,1910,0,0
Mali,1920,0,0
Mali,1930,0,0
Mali,1940,0,0
Mali,1950,0,0
Mali,1960,0,0
Mali,1970,0,0
Mali,1980,0.020867059,2051.243
Mali,1990,0.004656739,334.50824
Mali,2000,0.04689383,842.7671
Mali,2010,0.039388366,2641.894
Mali,2020,0.014753442,10796.265
Marshall Islands,1900,0,0
Marshall Islands,1910,0,0
Marshall Islands,1920,0,0
Marshall Islands,1930,0,0
Marshall Islands,1940,0,0
Marshall Islands,1950,0,0
Marshall Islands,1960,0,0
Marshall Islands,1970,0,0
Marshall Islands,1980,0,0
Marshall Islands,1990,0,0
Marshall Islands,2000,0,111.455795
Marshall Islands,2010,0,5562.848
Marshall Islands,2020,0,7474.014
Martinique,1900,943.1054,0
Martinique,1910,0,0
Martinique,1920,0,0
Martinique,1930,0,0
Martinique,1940,0,0
Martinique,1950,0,0
Martinique,1960,0.79430044,31.1162
Martinique,1970,1.3785075,753.30133
Martinique,1980,0,0
Martinique,1990,0.26430404,49.30572
Martinique,2000,0.050526995,0
Martinique,2010,0.025665704,0
Martinique,2020,0,0
Mauritania,1900,0,0
Mauritania,1910,0,0
Mauritania,1920,0,0
Mauritania,1930,0,0
Mauritania,1940,0,0
Mauritania,1950,0,0
Mauritania,1960,0,12415.653
Mauritania,1970,0,10774.184
Mauritania,1980,0,10671.257
Mauritania,1990,0.023174105,2098.3015
Mauritania,2000,0.15505378,3944.8582
Mauritania,2010,0.071485765,14801.44
Mauritania,2020,0.16522034,10720.043
Mauritius,1900,0,0
Mauritius,1910,0,0
Mauritius,1920,0,0
Mauritius,1930,0,0
Mauritius,1940,0,0
Mauritius,1950,0,0
Mauritius,1960,0.62066823,253.29794
Mauritius,1970,0.17792529,10657.486
Mauritius,1980,0.019305313,370.87195
Mauritius,1990,0.043019656,61.3084
Mauritius,2000,0.040052403,0
Mauritius,2010,0.0852252,231.5912
Mauritius,2020,0.025651326,3.5655344
Mexico,1900,0,0
Mexico,1910,0.030588033,0
Mexico,1920,0.47503692,0
Mexico,1930,0.24699928,0
Mexico,1940,0.36953223,1.3538488
Mexico,1950,1.2494828,0
Mexico,1960,0.20514263,80.25873
Mexico,1970,0.2723864,144.34892
Mexico,1980,1.456548,345.9291
Mexico,1990,0.34142068,218.35463
Mexico,2000,0.07247231,601.5566
Mexico,2010,0.1057501,626.0024
Mexico,2020,0.055012003,56.268074
Micronesia (country),1900,0,0
Micronesia (country),1910,0,0
Micronesia (country),1920,0,0
Micronesia (country),1930,0,0
Micronesia (country),1940,0,0
Micronesia (country),1950,0,0
Micronesia (country),1960,0,0
Micronesia (country),1970,0,0
Micronesia (country),1980,0.538445,0
Micronesia (country),1990,0,2584.7214
Micronesia (country),2000,4.28597,654.4387
Micronesia (country),2010,0.45671692,13191.116
Micronesia (country),2020,0,0
Moldova,1900,0,0
Moldova,1910,0,0
Moldova,1920,0,0
Moldova,1930,0,0
Moldova,1940,0,0
Moldova,1950,0,0
Moldova,1960,0,0
Moldova,1970,0,0
Moldova,1980,0,0
Moldova,1990,0.13202801,62.891514
Moldova,2000,0.04747296,6686.022
Moldova,2010,0.03123153,87.74665
Moldova,2020,0,0
Mongolia,1900,0,0
Mongolia,1910,0,0
Mongolia,1920,0,0
Mongolia,1930,0,0
Mongolia,1940,0,0
Mongolia,1950,13.498859,0
Mongolia,1960,0.48895434,2144.5366
Mongolia,1970,0,0
Mongolia,1980,0,0
Mongolia,1990,0.52639747,461.68097
Mongolia,2000,0.5438559,12525.45
Mongolia,2010,0.09203269,4643.0376
Mongolia,2020,0.22066574,682.91034
Montenegro,1900,0,0
Montenegro,1910,0,0
Montenegro,1920,0,0
Montenegro,1930,0,0
Montenegro,1940,0,0
Montenegro,1950,0,0
Montenegro,1960,0,0
Montenegro,1970,0,0
Montenegro,1980,0,0
Montenegro,1990,0,0
Montenegro,2000,0,24.314844
Montenegro,2010,0.015796466,174.87268
Montenegro,2020,0,0
Montserrat,1900,0,0
Montserrat,1910,0,0
Montserrat,1920,0,0
Montserrat,1930,0,0
Montserrat,1940,0,0
Montserrat,1950,0,0
Montserrat,1960,0,0
Montserrat,1970,0,0
Montserrat,1980,10.075106,0
Montserrat,1990,45.12126,16787.406
Montserrat,2000,0,420.52145
Montserrat,2010,0,0
Montserrat,2020,0,0
Morocco,1900,0.18531388,0
Morocco,1910,0,0
Morocco,1920,0,0
Morocco,1930,0,0
Morocco,1940,0,0
Morocco,1950,0.1726775,0
Morocco,1960,10.450096,63.230896
Morocco,1970,0.021320902,271.65128
Morocco,1980,0.013550812,4.8200264
Morocco,1990,0.33372405,134.10655
Morocco,2000,0.28271124,18.894909
Morocco,2010,0.041198518,757.7193
Morocco,2020,0.021576958,1.23618
Mozambique,1900,0,0
Mozambique,1910,0,0
Mozambique,1920,0,0
Mozambique,1930,0,0
Mozambique,1940,0,0
Mozambique,1950,0.16707876,0
Mozambique,1960,0,63.617496
Mozambique,1970,0.91421676,6695.666
Mozambique,1980,86.1218,5195.5415
Mozambique,1990,0.2536344,4228.541
Mozambique,2000,0.62628853,5200.2285
Mozambique,2010,0.41200203,2291.3503
Mozambique,2020,0.15335873,6493.586
Myanmar,1900,0.612731,0
Myanmar,1910,0,0
Myanmar,1920,2.1294158,0
Myanmar,1930,1.1384957,0
Myanmar,1940,0.0097435,0
Myanmar,1950,0,0
Myanmar,1960,0.57529175,290.74945
Myanmar,1970,0.099847235,507.92978
Myanmar,1980,0.005511489,18.743017
Myanmar,1990,0.043124016,133.12485
Myanmar,2000,28.496935,554.26556
Myanmar,2010,0.17806342,703.56024
Myanmar,2020,0.10856707,93.984726
Namibia,1900,0,0
Namibia,1910,0,0
Namibia,1920,0,0
Namibia,1930,0,0
Namibia,1940,0,0
Namibia,1950,0,0
Namibia,1960,0,0
Namibia,1970,0,0
Namibia,1980,0,0
Namibia,1990,0,2986.7222
Namibia,2000,0.72132856,4143.3745
Namibia,2010,0.5445935,11338.409
Namibia,2020,0,18.67468
Nepal,1900,0,0
Nepal,1910,0,0
Nepal,1920,0,0
Nepal,1930,0,0
Nepal,1940,0,0
Nepal,1950,0.06585606,0
Nepal,1960,0.439426,18.271877
Nepal,1970,0.6596983,3074.3328
Nepal,1980,1.4847295,640.20337
Nepal,1990,1.2977486,343.15048
Nepal,2000,0.7712273,1085.966
Nepal,2010,3.9285946,2832.7244
Nepal,2020,0.9772574,177.44595
Netherlands,1900,0,0
Netherlands,1910,0,0
Netherlands,1920,0,0
Netherlands,1930,0,0
Netherlands,1940,0,0
Netherlands,1950,1.9052516,285.78775
Netherlands,1960,0,0
Netherlands,1970,0,0
Netherlands,1980,0,0
Netherlands,1990,0.015965482,171.68161
Netherlands,2000,1.2176478,0
Netherlands,2010,0.23388848,0
Netherlands,2020,0.77235574,0
Netherlands Antilles,1900,0,0
Netherlands Antilles,1910,0,0
Netherlands Antilles,1920,0,0
Netherlands Antilles,1930,0,0
Netherlands Antilles,1940,0,0
Netherlands Antilles,1950,0,0
Netherlands Antilles,1960,0,0
Netherlands Antilles,1970,0,0
Netherlands Antilles,1980,2.5663009,0
Netherlands Antilles,1990,0.06941323,1388.2646
Netherlands Antilles,2000,0,0
Netherlands Antilles,2010,0,0
Netherlands Antilles,2020,0,0
New Caledonia,1900,0,0
New Caledonia,1910,0,0
New Caledonia,1920,0,0
New Caledonia,1930,0.22558002,0
New Caledonia,1940,0.28798664,0
New Caledonia,1950,0.5779699,0
New Caledonia,1960,0,0
New Caledonia,1970,0.2481759,0
New Caledonia,1980,0.26623714,133.11858
New Caledonia,1990,0,0
New Caledonia,2000,0.08521771,0
New Caledonia,2010,0,0
New Caledonia,2020,0,0
New Zealand,1900,0,0
New Zealand,1910,0,0
New Zealand,1920,0.116675705,0
New Zealand,1930,1.8406609,73.44973
New Zealand,1940,0,0
New Zealand,1950,0.73207766,0
New Zealand,1960,0.19227839,4.7162623
New Zealand,1970,0,11.376143
New Zealand,1980,0.039426327,74.20496
New Zealand,1990,0.010627297,8.694311
New Zealand,2000,0.014775717,17.691404
New Zealand,2010,0.47101632,1414.0095
New Zealand,2020,0.006498068,35.71888
Nicaragua,1900,0,0
Nicaragua,1910,0,0
Nicaragua,1920,0,0
Nicaragua,1930,24.608183,0
Nicaragua,1940,0,0
Nicaragua,1950,3.6503892,0
Nicaragua,1960,1.8159518,14.402279
Nicaragua,1970,38.607307,1680.0178
Nicaragua,1980,0.5256447,1013.81604
Nicaragua,1990,7.389559,4002.656
Nicaragua,2000,0.5050855,1000.25385
Nicaragua,2010,0.2553325,1879.8329
Nicaragua,2020,0.12266553,4602.9736
Niger,1900,0,0
Niger,1910,570.767,214.87701
Niger,1920,0,0
Niger,1930,0,0
Niger,1940,0,0
Niger,1950,0,0
Niger,1960,0,0
Niger,1970,0,30.789452
Niger,1980,0.025405675,7041.5947
Niger,1990,0.0756673,1965.7133
Niger,2000,0.027565554,10223.341
Niger,2010,0.21250233,4515.3784
Niger,2020,0.44355258,11282.234
Nigeria,1900,0,0
Nigeria,1910,0,0
Nigeria,1920,0,0
Nigeria,1930,0,0
Nigeria,1940,0,0
Nigeria,1950,0,0
Nigeria,1960,0,0
Nigeria,1970,0.014570178,0
Nigeria,1980,0.014388256,399.78458
Nigeria,1990,0.021717023,23.752333
Nigeria,2000,0.04664809,38.188892
Nigeria,2010,0.06046958,619.85925
Nigeria,2020,0.12390684,459.2403
Niue,1900,0,0
Niue,1910,0,0
Niue,1920,0,0
Niue,1930,0,0
Niue,1940,0,0
Niue,1950,0,3286.7708
Niue,1960,0,8168.266
Niue,1970,0,0
Niue,1980,0,0
Niue,1990,0,781.25
Niue,2000,5.2246604,1044.9321
Niue,2010,0,0
Niue,2020,0,0
North America,1900,4.5240345,7.3846364
North America,1910,0.73445135,0
North America,1920,0.43550098,0
North America,1930,1.2007431,1.7885265
North America,1940,1.9433211,0.15094979
North America,1950,0.41482446,16.517012
North America,1960,0.50564754,49.933933
North America,1970,1.4728155,257.91245
North America,1980,0.485749,253.91612
North America,1990,0.61884487,405.82742
North America,2000,0.32684794,904.93146
North America,2010,4.237171,2337.228
North America,2020,0.310545,937.0632
North Korea,1900,0,0
North Korea,1910,0,0
North Korea,1920,0,0
North Korea,1930,0,0
North Korea,1940,0,0
North Korea,1950,0,0
North Korea,1960,0,0
North Korea,1970,0,0
North Korea,1980,0.15826043,10.048282
North Korea,1990,0.12424407,4014.6287
North Korea,2000,0.52894676,705.5379
North Korea,2010,0.44111198,15231.067
North Korea,2020,0.02834963,115.94985
North Macedonia,1900,0,0
North Macedonia,1910,0,0
North Macedonia,1920,0,0
North Macedonia,1930,0,0
North Macedonia,1940,0,0
North Macedonia,1950,0,0
North Macedonia,1960,0,0
North Macedonia,1970,0,0
North Macedonia,1980,0,0
North Macedonia,1990,0,57.638313
North Macedonia,2000,0.16457532,5329.3516
North Macedonia,2010,0.16118781,756.9317
North Macedonia,2020,0.015847893,1267.8314
North Yemen,1900,0,0
North Yemen,1910,0,0
North Yemen,1920,0,0
North Yemen,1930,0,0
North Yemen,1940,0,0
North Yemen,1950,0,0
North Yemen,1960,0,0
North Yemen,1970,0,0
North Yemen,1980,0,0
North Yemen,1990,0,0
North Yemen,2000,0,0
North Yemen,2010,0,0
North Yemen,2020,0,0
Northern Mariana Islands,1900,0,0
Northern Mariana Islands,1910,0,0
Northern Mariana Islands,1920,0,0
Northern Mariana Islands,1930,0,0
Northern Mariana Islands,1940,0,0
Northern Mariana Islands,1950,0,0
Northern Mariana Islands,1960,0,0
Northern Mariana Islands,1970,0,0
Northern Mariana Islands,1980,0,0
Northern Mariana Islands,1990,0,0
Northern Mariana Islands,2000,0.41714755,27.809835
Northern Mariana Islands,2010,0.3973931,67.91106
Northern Mariana Islands,2020,0,0
Norway,1900,0,0
Norway,1910,0,0
Norway,1920,0,0
Norway,1930,0.25123388,0
Norway,1940,0,0
Norway,1950,0,0
Norway,1960,0,0
Norway,1970,0,0
Norway,1980,0,0
Norway,1990,0.002293932,9.175728
Norway,2000,0,4.658926
Norway,2010,0.009944751,1.2898378
Norway,2020,0.06195976,6.195976
Oceania,1900,0,0
Oceania,1910,0,0
Oceania,1920,0.018869307,0
Oceania,1930,1.1426439,19.319157
Oceania,1940,0.05084697,2.124173
Oceania,1950,5.0437446,3.1909206
Oceania,1960,0.6120737,77.38492
Oceania,1970,0.32273072,130.00256
Oceania,1980,0.2662992,499.10638
Oceania,1990,0.9768709,6150.35
Oceania,2000,0.3628862,173.34924
Oceania,2010,0.23500238,1476.7799
Oceania,2020,0.11970237,781.7475
Oman,1900,0,0
Oman,1910,0,0
Oman,1920,0,0
Oman,1930,0,0
Oman,1940,0,0
Oman,1950,0,0
Oman,1960,0,0
Oman,1970,1.2353747,57.727787
Oman,1980,0.24171835,0
Oman,1990,0,0
Oman,2000,0.44416523,76.96265
Oman,2010,0.13640323,14.754064
Oman,2020,0.16948707,1.3973112
Pakistan,1900,0.12149548,0
Pakistan,1910,0,0
Pakistan,1920,0,0
Pakistan,1930,21.097782,0
Pakistan,1940,1.1718107,0
Pakistan,1950,1.0013456,0
Pakistan,1960,2.0238256,121.30573
Pakistan,1970,1.0307428,1951.1624
Pakistan,1980,0.11483626,32.9785
Pakistan,1990,0.50351506,1383.5847
Pakistan,2000,4.41426,714.50073
Pakistan,2010,0.37243146,2088.9773
Pakistan,2020,0.3847447,5049.7153
Palau,1900,0,0
Palau,1910,0,0
Palau,1920,0,0
Palau,1930,0,0
Palau,1940,0,0
Palau,1950,0,0
Palau,1960,0,0
Palau,1970,0,0
Palau,1980,0,0
Palau,1990,0,0
Palau,2000,0,0
Palau,2010,0,7967.68
Palau,2020,0,13458.91
Palestine,1900,0,0
Palestine,1910,0,0
Palestine,1920,0,0
Palestine,1930,0,0
Palestine,1940,0,0
Palestine,1950,0,0
Palestine,1960,0,0
Palestine,1970,0,0
Palestine,1980,0,0
Palestine,1990,0,0
Palestine,2000,0,0
Palestine,2010,0.022932181,218.72058
Palestine,2020,0.04531913,221.44862
Panama,1900,0,0
Panama,1910,0,0
Panama,1920,0,0
Panama,1930,0,0
Panama,1940,0,0
Panama,1950,0,0
Panama,1960,0.1559611,15.780164
Panama,1970,0.4608449,326.05322
Panama,1980,0.14133509,434.89557
Panama,1990,0.232318,151.43483
Panama,2000,0.20263596,277.71707
Panama,2010,0.114992775,194.24516
Panama,2020,0.73729455,271.2484
Papua New Guinea,1900,0,0
Papua New Guinea,1910,0,0
Papua New Guinea,1920,0,0
Papua New Guinea,1930,4.7505627,70.413475
Papua New Guinea,1940,0,0
Papua New Guinea,1950,38.116558,17.476254
Papua New Guinea,1960,0,10.072177
Papua New Guinea,1970,0.49526036,16.070246
Papua New Guinea,1980,0.4090956,260.52234
Papua New Guinea,1990,5.193887,1615.6195
Papua New Guinea,2000,0.4098267,434.57553
Papua New Guinea,2010,0.31521326,3884.4236
Papua New Guinea,2020,0.16660026,208.55469
Paraguay,1900,0,0
Paraguay,1910,0,0
Paraguay,1920,0,0
Paraguay,1930,0,0
Paraguay,1940,0,0
Paraguay,1950,0,0
Paraguay,1960,0.027996004,204.62404
Paraguay,1970,0,509.66415
Paraguay,1980,0.22732174,638.5457
Paraguay,1990,0.20407487,1022.83014
Paraguay,2000,0.037009973,814.9439
Paraguay,2010,0.1131601,4338.0386
Paraguay,2020,0.04972303,29.833817
Peru,1900,0,0
Peru,1910,0.4221807,0
Peru,1920,0,0
Peru,1930,0.057624392,0
Peru,1940,10.398074,0
Peru,1950,0.3173192,0
Peru,1960,2.3007119,307.9986
Peru,1970,50.528133,3706.1067
Peru,1980,1.0952164,564.451
Peru,1990,0.64473623,2027.9635
Peru,2000,0.7293994,1764.7355
Peru,2010,0.60898226,1329.2175
Peru,2020,0.06549159,58.5743
Philippines,1900,0.3316827,0
Philippines,1910,1.7768902,0
Philippines,1920,0.016314508,0
Philippines,1930,0.9692919,0
Philippines,1940,0.7984797,0
Philippines,1950,1.5696348,31.086275
Philippines,1960,0.7697025,711.5277
Philippines,1970,3.1963449,3586.458
Philippines,1980,1.5706363,4239.8477
Philippines,1990,2.2093508,5309.7935
Philippines,2000,1.0860764,5442.7026
Philippines,2010,1.3884342,9786.779
Philippines,2020,0.36647823,7516.0303
Poland,1900,0,0
Poland,1910,0,0
Poland,1920,0.030696867,0
Poland,1930,0,0
Poland,1940,0,0
Poland,1950,0,0
Poland,1960,0,0
Poland,1970,0,0.28933862
Poland,1980,0,5.948265
Poland,1990,0.09671064,42.634647
Poland,2000,0.30470803,5.409555
Poland,2010,0.1932704,27.983747
Poland,2020,0.011937072,3.333065
Portugal,1900,0.051548474,0
Portugal,1910,0,0
Portugal,1920,0,0
Portugal,1930,0,0
Portugal,1940,0.188439,0
Portugal,1950,0,0
Portugal,1960,0.55207044,2.25199
Portugal,1970,0.03602475,36.133953
Portugal,1980,0.14904545,24.691832
Portugal,1990,0.076989435,3.0829768
Portugal,2000,3.0941067,143.55075
Portugal,2010,0.16843182,5.8044095
Portugal,2020,0.009736286,0
Puerto Rico,1900,0,0
Puerto Rico,1910,1.1819729,0
Puerto Rico,1920,1.2683568,0
Puerto Rico,1930,2.2926197,0
Puerto Rico,1940,0,0
Puerto Rico,1950,0,0
Puerto Rico,1960,0,0
Puerto Rico,1970,0.3161184,14.212581
Puerto Rico,1980,1.8412216,5.691944
Puerto Rico,1990,0.10336978,419.7155
Puerto Rico,2000,0.018335283,39.72441
Puerto Rico,2010,0.20157255,1609.3524
Puerto Rico,2020,0.30716404,44.015564
Qatar,1900,0,0
Qatar,1910,0,0
Qatar,1920,0,0
Qatar,1930,0,0
Qatar,1940,0,0
Qatar,1950,0,0
Qatar,1960,0,0
Qatar,1970,0,0
Qatar,1980,0,0
Qatar,1990,0,0
Qatar,2000,0,0
Qatar,2010,0,5.4215374
Qatar,2020,0,0
Reunion,1900,0,0
Reunion,1910,0,0
Reunion,1920,0,0
Reunion,1930,0,0
Reunion,1940,5.603319,0
Reunion,1950,0,0
Reunion,1960,0,0
Reunion,1970,0,18.858139
Reunion,1980,0.9499003,287.1238
Reunion,1990,0.19997428,0
Reunion,2000,0.04870308,0
Reunion,2010,0.010931387,4.8578186
Reunion,2020,0,0
Romania,1900,0,0
Romania,1910,0,0
Romania,1920,0.75883067,0
Romania,1930,0,0
Romania,1940,0.62594664,0
Romania,1950,0,0
Romania,1960,0,0
Romania,1970,0.8932274,684.5251
Romania,1980,0,0.8902722
Romania,1990,0.14132132,13.873726
Romania,2000,0.24093956,95.33002
Romania,2010,0.10370644,15.063945
Romania,2020,0.006868057,2.1629882
Russia,1900,0,0
Russia,1910,0,0
Russia,1920,0,0
Russia,1930,0,0
Russia,1940,0,0
Russia,1950,0,0
Russia,1960,0,0
Russia,1970,0,0
Russia,1980,0,0
Russia,1990,0.22414854,137.41287
Russia,2000,0.12716968,133.33922
Russia,2010,3.936196,18.157162
Russia,2020,0.008513942,7.5369177
Rwanda,1900,0,0
Rwanda,1910,0,0
Rwanda,1920,0,0
Rwanda,1930,0,0
Rwanda,1940,0,0
Rwanda,1950,0,0
Rwanda,1960,0,0
Rwanda,1970,0,7988.9194
Rwanda,1980,0.40086597,808.55475
Rwanda,1990,0,1238.9484
Rwanda,2000,0.24494882,1214.9336
Rwanda,2010,0.22291557,72.31929
Rwanda,2020,0.34435472,102.29915
Saint Barthelemy,1900,0,0
Saint Barthelemy,1910,0,0
Saint Barthelemy,1920,0,0
Saint Barthelemy,1930,0,0
Saint Barthelemy,1940,0,0
Saint Barthelemy,1950,0,0
Saint Barthelemy,1960,0,0
Saint Barthelemy,1970,0,0
Saint Barthelemy,1980,0,0
Saint Barthelemy,1990,0,0
Saint Barthelemy,2000,0,0
Saint Barthelemy,2010,3.9729836,0
Saint Barthelemy,2020,0,0
Saint Helena,1900,0,0
Saint Helena,1910,0,0
Saint Helena,1920,0,0
Saint Helena,1930,0,0
Saint Helena,1940,0,0
Saint Helena,1950,0,0
Saint Helena,1960,0,0
Saint Helena,1970,0,0
Saint Helena,1980,0,0
Saint Helena,1990,0,0
Saint Helena,2000,0,502.4284
Saint Helena,2010,0,0
Saint Helena,2020,0,0
Saint Kitts and Nevis,1900,0,0
Saint Kitts and Nevis,1910,0,0
Saint Kitts and Nevis,1920,0,0
Saint Kitts and Nevis,1930,0,0
Saint Kitts and Nevis,1940,0,0
Saint Kitts and Nevis,1950,0,0
Saint Kitts and Nevis,1960,0,0
Saint Kitts and Nevis,1970,0,0
Saint Kitts and Nevis,1980,0.24381325,0
Saint Kitts and Nevis,1990,1.1297903,2923.146
Saint Kitts and Nevis,2000,0,0
Saint Kitts and Nevis,2010,0,104.578445
Saint Kitts and Nevis,2020,0,0
Saint Lucia,1900,0,0
Saint Lucia,1910,0,0
Saint Lucia,1920,0,0
Saint Lucia,1930,0,0
Saint Lucia,1940,0,0
Saint Lucia,1950,0,0
Saint Lucia,1960,1.0536853,0
Saint Lucia,1970,0,0
Saint Lucia,1980,0.7398213,5987.7104
Saint Lucia,1990,0.26565012,51.212482
Saint Lucia,2000,0.059692938,0
Saint Lucia,2010,1.1637963,13270.443
Saint Lucia,2020,0.18553254,0
Saint Martin (French part),1900,0,0
Saint Martin (French part),1910,0,0
Saint Martin (French part),1920,0,0
Saint Martin (French part),1930,0,0
Saint Martin (French part),1940,0,0
Saint Martin (French part),1950,0,0
Saint Martin (French part),1960,0,0
Saint Martin (French part),1970,0,0
Saint Martin (French part),1980,0,0
Saint Martin (French part),1990,0,0
Saint Martin (French part),2000,0,0
Saint Martin (French part),2010,3.4763463,0
Saint Martin (French part),2020,0,0
Saint Vincent and the Grenadines,1900,334.74503,0
Saint Vincent and the Grenadines,1910,0,0
Saint Vincent and the Grenadines,1920,0,0
Saint Vincent and the Grenadines,1930,0,0
Saint Vincent and the Grenadines,1940,0,0
Saint Vincent and the Grenadines,1950,16.982891,0
Saint Vincent and the Grenadines,1960,0.21185991,0
Saint Vincent and the Grenadines,1970,0.18709774,2071.543
Saint Vincent and the Grenadines,1980,0,1962.6829
Saint Vincent and the Grenadines,1990,0.26493576,26.43362
Saint Vincent and the Grenadines,2000,0.3525285,136.09117
Saint Vincent and the Grenadines,2010,1.2109665,4504.4077
Saint Vincent and the Grenadines,2020,0,4290.141
Samoa,1900,0,0
Samoa,1910,0,0
Samoa,1920,0,0
Samoa,1930,0,0
Samoa,1940,0,0
Samoa,1950,0,0
Samoa,1960,20.49901,7143.3403
Samoa,1970,0,0
Samoa,1980,0,119.79204
Samoa,1990,1.2461579,15145.037
Samoa,2000,8.1911745,272.99692
Samoa,2010,0.6056599,641.1415
Samoa,2020,0,0
Sao Tome and Principe,1900,0,0
Sao Tome and Principe,1910,0,0
Sao Tome and Principe,1920,0,0
Sao Tome and Principe,1930,0,0
Sao Tome and Principe,1940,0,0
Sao Tome and Principe,1950,0,0
Sao Tome and Principe,1960,0,0
Sao Tome and Principe,1970,0,0
Sao Tome and Principe,1980,0,9058.677
Sao Tome and Principe,1990,0,0
Sao Tome and Principe,2000,0,0
Sao Tome and Principe,2010,0,0
Sao Tome and Principe,2020,1.1951822,32817.91
Saudi Arabia,1900,0,0
Saudi Arabia,1910,0,0
Saudi Arabia,1920,0,0
Saudi Arabia,1930,0,0
Saudi Arabia,1940,0,0
Saudi Arabia,1950,0,0
Saudi Arabia,1960,0.041708957,2.0854478
Saudi Arabia,1970,0,0
Saudi Arabia,1980,0.024824964,0
Saudi Arabia,1990,0,0
Saudi Arabia,2000,0.0980404,5.8048873
Saudi Arabia,2010,0.05131783,1.1963245
Saudi Arabia,2020,0.002778001,0.55560017
Senegal,1900,0,0
Senegal,1910,0,0
Senegal,1920,0,0
Senegal,1930,0,0
Senegal,1940,0,0
Senegal,1950,0,0
Senegal,1960,0,3306.3645
Senegal,1970,0,8877.409
Senegal,1980,0,2116.5356
Senegal,1990,0.19728725,399.49637
Senegal,2000,0.049719002,742.499
Senegal,2010,0.028979061,1585.1686
Senegal,2020,0.02230859,72.6641
Serbia,1900,0,0
Serbia,1910,0,0
Serbia,1920,0,0
Serbia,1930,0,0
Serbia,1940,0,0
Serbia,1950,0,0
Serbia,1960,0,0
Serbia,1970,0,0
Serbia,1980,0,0
Serbia,1990,0,0
Serbia,2000,0,20.119778
Serbia,2010,0.12696029,270.41733
Serbia,2020,0,9.613943
Serbia and Montenegro,1900,0,0
Serbia and Montenegro,1910,0,0
Serbia and Montenegro,1920,0,0
Serbia and Montenegro,1930,0,0
Serbia and Montenegro,1940,0,0
Serbia and Montenegro,1950,0,0
Serbia and Montenegro,1960,0,0
Serbia and Montenegro,1970,0,0
Serbia and Montenegro,1980,0,0
Serbia and Montenegro,1990,0.01396711,70.563995
Serbia and Montenegro,2000,0.010580118,65.405334
Serbia and Montenegro,2010,0,0
Serbia and Montenegro,2020,0,0
Seychelles,1900,0,0
Seychelles,1910,0,0
Seychelles,1920,0,0
Seychelles,1930,0,0
Seychelles,1940,0,0
Seychelles,1950,0,0
Seychelles,1960,0,0
Seychelles,1970,0,0
Seychelles,1980,0,0
Seychelles,1990,0.65313375,146.9551
Seychelles,2000,0.35405332,1386.5269
Seychelles,2010,0,762.6188
Seychelles,2020,0,0
Sierra Leone,1900,0,0
Sierra Leone,1910,0,0
Sierra Leone,1920,0,0
Sierra Leone,1930,0,0
Sierra Leone,1940,0,0
Sierra Leone,1950,0,0
Sierra Leone,1960,0,0
Sierra Leone,1970,0.003272338,32.72338
Sierra Leone,1980,0.16365439,0
Sierra Leone,1990,0.05665209,460.0471
Sierra Leone,2000,0.2178037,36.294098
Sierra Leone,2010,1.514336,61.879078
Sierra Leone,2020,0.046480697,49.97837
Sint Maarten (Dutch part),1900,0,0
Sint Maarten (Dutch part),1910,0,0
Sint Maarten (Dutch part),1920,0,0
Sint Maarten (Dutch part),1930,0,0
Sint Maarten (Dutch part),1940,0,0
Sint Maarten (Dutch part),1950,0,0
Sint Maarten (Dutch part),1960,0,0
Sint Maarten (Dutch part),1970,0,0
Sint Maarten (Dutch part),1980,0,0
Sint Maarten (Dutch part),1990,0,0
Sint Maarten (Dutch part),2000,0,0
Sint Maarten (Dutch part),2010,0.95463115,1193.289
Sint Maarten (Dutch part),2020,0,0
Slovakia,1900,0,0
Slovakia,1910,0,0
Slovakia,1920,0,0
Slovakia,1930,0,0
Slovakia,1940,0,0
Slovakia,1950,0,0
Slovakia,1960,0,0
Slovakia,1970,0,0
Slovakia,1980,0,0
Slovakia,1990,0.10425952,85.70682
Slovakia,2000,0.024179706,19.776915
Slovakia,2010,0.2464115,1.575116
Slovakia,2020,0.012227599,1.5271798
Slovenia,1900,0,0
Slovenia,1910,0,0
Slovenia,1920,0,0
Slovenia,1930,0,0
Slovenia,1940,0,0
Slovenia,1950,0,0
Slovenia,1960,0,0
Slovenia,1970,0,0
Slovenia,1980,0,0
Slovenia,1990,0,0
Slovenia,2000,1.4873536,3.0049114
Slovenia,2010,0.019277824,311.25122
Slovenia,2020,0.015740734,23.591494
Solomon Islands,1900,0,0
Solomon Islands,1910,0,0
Solomon Islands,1920,0,0
Solomon Islands,1930,6.270536,0
Solomon Islands,1940,0,0
Solomon Islands,1950,16.625103,0
Solomon Islands,1960,1.0053632,64.29628
Solomon Islands,1970,11.808263,651.5724
Solomon Islands,1980,3.557659,4363.1836
Solomon Islands,1990,0.11296339,2508.6255
Solomon Islands,2000,1.428315,185.64206
Solomon Islands,2010,1.142381,2396.031
Solomon Islands,2020,2.3148215,7233.8174
Somalia,1900,0,0
Somalia,1910,0,0
Somalia,1920,0,0
Somalia,1930,0,0
Somalia,1940,0,0
Somalia,1950,0,0
Somalia,1960,0.83601916,2198.7742
Somalia,1970,47.236187,661.70404
Somalia,1980,0.8949741,894.8518
Somalia,1990,3.231567,2738.664
Somalia,2000,0.4260049,3878.118
Somalia,2010,16.853617,13878.35
Somalia,2020,0.13147408,17300.285
South Africa,1900,0,0
South Africa,1910,0,0
South Africa,1920,0,0
South Africa,1930,0,0
South Africa,1940,0,0
South Africa,1950,0.057375994,0
South Africa,1960,0.00414666,3.1484642
South Africa,1970,0.02114316,0.36764917
South Africa,1980,0.20384614,767.28986
South Africa,1990,0.103148796,76.70224
South Africa,2000,0.068456866,3134.7551
South Africa,2010,0.05299136,681.46313
South Africa,2020,0.35269672,6817.7896
South America,1900,4.369576,0
South America,1910,0.034142703,0
South America,1920,0.31778947,0
South America,1930,3.415751,0
South America,1940,2.4483047,21.156485
South America,1950,0.1451331,0
South America,1960,0.82865644,526.72974
South America,1970,3.7561018,1540.0234
South America,1980,1.2809114,1856.5686
South America,1990,1.0655272,593.4892
South America,2000,0.15795407,581.479
South America,2010,0.19013853,1569.1257
South America,2020,0.110277005,410.42523
South Korea,1900,0,0
South Korea,1910,0,0
South Korea,1920,0,0
South Korea,1930,0.7981278,0
South Korea,1940,0,0
South Korea,1950,0.4489983,0
South Korea,1960,0.6181523,1195.0907
South Korea,1970,0.40305445,270.02563
South Korea,1980,0.35235408,129.52255
South Korea,1990,0.25467676,61.258255
South Korea,2000,0.13135238,105.11532
South Korea,2010,0.046586003,39.049274
South Korea,2020,0.07330766,42.708706
South Sudan,1900,0,0
South Sudan,1910,0,0
South Sudan,1920,0,0
South Sudan,1930,0,0
South Sudan,1940,0,0
South Sudan,1950,0,0
South Sudan,1960,0,0
South Sudan,1970,0,0
South Sudan,1980,0,0
South Sudan,1990,0,0
South Sudan,2000,0.019265866,4764.267
South Sudan,2010,0.18378833,5136.17
South Sudan,2020,0.021708904,8974.6045
South Yemen,1900,0,0
South Yemen,1910,0,0
South Yemen,1920,0,0
South Yemen,1930,0,0
South Yemen,1940,0,0
South Yemen,1950,0,0
South Yemen,1960,0,0
South Yemen,1970,0,0
South Yemen,1980,0,0
South Yemen,1990,0,0
South Yemen,2000,0,0
South Yemen,2010,0,0
South Yemen,2020,0,0
Spain,1900,0,0
Spain,1910,0,0
Spain,1920,0,0
Spain,1930,0,0
Spain,1940,0.007698991,0
Spain,1950,0.056036327,0
Spain,1960,0.1433051,0
Spain,1970,0.27182543,0
Spain,1980,0.062118508,206.89969
Spain,1990,0.04965155,1548.3171
Spain,2000,3.6232026,1.8803202
Spain,2010,0.021582758,1.9741907
Spain,2020,0.018281655,4.274104
Sri Lanka,1900,0,0
Sri Lanka,1910,0,0
Sri Lanka,1920,0,0
Sri Lanka,1930,0,0
Sri Lanka,1940,0,0
Sri Lanka,1950,0.21922654,274.03317
Sri Lanka,1960,0.28345388,1348.9591
Sri Lanka,1970,0.55948883,871.6835
Sri Lanka,1980,0.291263,4179.095
Sri Lanka,1990,0.0960478,858.61816
Sri Lanka,2000,18.355064,2937.7422
Sri Lanka,2010,0.57944196,4574.7705
Sri Lanka,2020,0.087254025,885.02277
Sudan,1900,0,0
Sudan,1910,0,0
Sudan,1920,0,0
Sudan,1930,0,0
Sudan,1940,0,0
Sudan,1950,0,0
Sudan,1960,0,0
Sudan,1970,0.02221378,172.76157
Sudan,1980,80.11526,6976.975
Sudan,1990,0.1560768,5658.6313
Sudan,2000,0.08493212,444.29434
Sudan,2010,0.14608893,1532.7202
Sudan,2020,0.25804842,1137.3855
Suriname,1900,0,0
Suriname,1910,0,0
Suriname,1920,0,0
Suriname,1930,0,0
Suriname,1940,0,0
Suriname,1950,0,0
Suriname,1960,0,125.12751
Suriname,1970,0,0
Suriname,1980,0,0
Suriname,1990,0,0
Suriname,2000,0.094924875,601.5308
Suriname,2010,0,0
Suriname,2020,0,1034.6222
Sweden,1900,0,0
Sweden,1910,0,0
Sweden,1920,0,0
Sweden,1930,0,0
Sweden,1940,0,0
Sweden,1950,0,0
Sweden,1960,0,0
Sweden,1970,0.01572851,0
Sweden,1980,0.013110975,0
Sweden,1990,0.003390259,0
Sweden,2000,0.008853642,0
Sweden,2010,0.007254687,0
Sweden,2020,0.00321472,42.99187
Switzerland,1900,0,0
Switzerland,1910,0,0
Switzerland,1920,0,0
Switzerland,1930,0,0
Switzerland,1940,0,0
Switzerland,1950,0.19376175,0
Switzerland,1960,0.18661968,0.036254525
Switzerland,1970,0.069044344,0.077654436
Switzerland,1980,0.001528011,3.251796
Switzerland,1990,0.073338956,0
Switzerland,2000,1.4572115,9.986124
Switzerland,2010,0.030329956,0.23663911
Switzerland,2020,0.06519848,0.050162397
Syria,1900,0,0
Syria,1910,0,0
Syria,1920,0,0
Syria,1930,0,0
Syria,1940,0,0
Syria,1950,0,0
Syria,1960,0,69.889626
Syria,1970,0,179.43628
Syria,1980,0,0
Syria,1990,0,206.90253
Syria,2000,0.06860232,605.3816
Syria,2010,0.007764119,116.92559
Syria,2020,0.00939034,9590.422
Taiwan,1900,4.717372,0
Taiwan,1910,3.9405954,0
Taiwan,1920,2.581179,0
Taiwan,1930,11.8403225,0
Taiwan,1940,0.6259475,0
Taiwan,1950,1.3422177,0
Taiwan,1960,0.7645658,60.429264
Taiwan,1970,0.061730236,18.053183
Taiwan,1980,0.1568786,1.1538625
Taiwan,1990,1.1323303,192.60124
Taiwan,2000,0.49787506,1299.1324
Taiwan,2010,0.16303383,19.926138
Taiwan,2020,0.027941173,0.13950856
Tajikistan,1900,0,0
Tajikistan,1910,0.84944767,0
Tajikistan,1920,0,0
Tajikistan,1930,1.3900881,0
Tajikistan,1940,0,0
Tajikistan,1950,0,0
Tajikistan,1960,0,0
Tajikistan,1970,0,0
Tajikistan,1980,0,0
Tajikistan,1990,3.0489728,522.63385
Tajikistan,2000,0.23189668,9326.086
Tajikistan,2010,0.17027704,102.103424
Tajikistan,2020,0.0890364,95.241325
Tanzania,1900,0,0
Tanzania,1910,0,0
Tanzania,1920,0,0
Tanzania,1930,0,0
Tanzania,1940,0,0
Tanzania,1950,0,0
Tanzania,1960,0.034940347,97.360794
Tanzania,1970,0.015952706,96.47339
Tanzania,1980,0.00391805,990.9505
Tanzania,1990,0.14870419,1398.1521
Tanzania,2000,0.047884423,1505.76
Tanzania,2010,0.04513582,623.3898
Tanzania,2020,0.028842423,303.00876
Thailand,1900,0,0
Thailand,1910,0,0
Thailand,1920,0,0
Thailand,1930,0,0
Thailand,1940,0,0
Thailand,1950,0,0
Thailand,1960,0.27416968,62.72787
Thailand,1970,0.09175133,1196.2871
Thailand,1980,0.2628384,754.40717
Thailand,1990,0.14565325,3663.9414
Thailand,2000,1.4314948,4292.721
Thailand,2010,0.22374146,7108.798
Thailand,2020,0.03447735,1353.1483
Timor,1900,0,0
Timor,1910,0,0
Timor,1920,0,0
Timor,1930,0,0
Timor,1940,0,0
Timor,1950,0,0
Timor,1960,0,0
Timor,1970,0,0
Timor,1980,0,0
Timor,1990,0,0
Timor,2000,0.053380225,136.48166
Timor,2010,0,979.93744
Timor,2020,1.1115369,3859.3867
Togo,1900,0,0
Togo,1910,0,0
Togo,1920,0,0
Togo,1930,0,0
Togo,1940,0,0
Togo,1950,0,0
Togo,1960,0,0
Togo,1970,0,661.6049
Togo,1980,0,1062.7949
Togo,1990,0.007010045,479.30005
Togo,2000,0.077438615,286.75504
Togo,2010,0.033476055,190.19011
Togo,2020,0.043430626,225.0496
Tokelau,1900,0,0
Tokelau,1910,0,0
Tokelau,1920,0,0
Tokelau,1930,0,0
Tokelau,1940,0,0
Tokelau,1950,0,0
Tokelau,1960,0,0
Tokelau,1970,0,0
Tokelau,1980,0,9599.097
Tokelau,1990,0,0
Tokelau,2000,0,0
Tokelau,2010,0,0
Tokelau,2020,0,0
Tonga,1900,0,0
Tonga,1910,0,0
Tonga,1920,0,0
Tonga,1930,0,0
Tonga,1940,0,597.50006
Tonga,1950,0,0
Tonga,1960,0.2881637,1152.6547
Tonga,1970,0.43533728,1641.8911
Tonga,1980,0.7220142,10314.488
Tonga,1990,0.10127198,615.6157
Tonga,2000,0.83987343,1645.1251
Tonga,2010,0.093774326,8684.733
Tonga,2020,1.2476567,34172.215
Trinidad and Tobago,1900,0,0
Trinidad and Tobago,1910,0,0
Trinidad and Tobago,1920,0,0
Trinidad and Tobago,1930,0.2995578,0
Trinidad and Tobago,1940,0,0
Trinidad and Tobago,1950,0,0
Trinidad and Tobago,1960,0.26735973,0
Trinidad and Tobago,1970,0.019225279,480.632
Trinidad and Tobago,1980,0,0
Trinidad and Tobago,1990,0.038640503,9.418337
Trinidad and Tobago,2000,0.0220397,12.929957
Trinidad and Tobago,2010,0,996.8718
Trinidad and Tobago,2020,0,0
Tunisia,1900,0,0
Tunisia,1910,0,0
Tunisia,1920,0,0
Tunisia,1930,0,0
Tunisia,1940,0,0
Tunisia,1950,0.03177194,0
Tunisia,1960,1.3036917,599.7441
Tunisia,1970,0.20316067,133.67679
Tunisia,1980,0.19916373,43.384174
Tunisia,1990,0.04383868,180.09404
Tunisia,2000,0.04265753,32.630127
Tunisia,2010,0.010894123,26.833557
Tunisia,2020,0.027297407,123.14271
Turkey,1900,4.4314837,41.528385
Turkey,1910,3.3573306,0
Turkey,1920,0.25055346,0
Turkey,1930,19.24651,0
Turkey,1940,7.7721286,0
Turkey,1950,0.79461384,22.035572
Turkey,1960,0.9133207,117.945724
Turkey,1970,2.1538258,89.07952
Turkey,1980,0.34198937,344.16675
Turkey,1990,3.1347697,695.63074
Turkey,2000,0.089864194,96.113335
Turkey,2010,0.10699945,4.055234
Turkey,2020,0.12650648,253.83937
Turkmenistan,1900,0,0
Turkmenistan,1910,0,0
Turkmenistan,1920,0,0
Turkmenistan,1930,0,0
Turkmenistan,1940,0,0
Turkmenistan,1950,0,0
Turkmenistan,1960,0,0
Turkmenistan,1970,0,0
Turkmenistan,1980,0,0
Turkmenistan,1990,0,0.7441028
Turkmenistan,2000,0.024074579,0
Turkmenistan,2010,0,0
Turkmenistan,2020,0,0
Turks and Caicos Islands,1900,0,0
Turks and Caicos Islands,1910,0,0
Turks and Caicos Islands,1920,0,0
Turks and Caicos Islands,1930,0,0
Turks and Caicos Islands,1940,0,0
Turks and Caicos Islands,1950,0,0
Turks and Caicos Islands,1960,0,0
Turks and Caicos Islands,1970,0,0
Turks and Caicos Islands,1980,0,802.1669
Turks and Caicos Islands,1990,0,0
Turks and Caicos Islands,2000,1.4571949,633.79193
Turks and Caicos Islands,2010,0,0
Turks and Caicos Islands,2020,0,0
Tuvalu,1900,0,0
Tuvalu,1910,0,0
Tuvalu,1920,0,0
Tuvalu,1930,0,0
Tuvalu,1940,0,0
Tuvalu,1950,0,0
Tuvalu,1960,0,0
Tuvalu,1970,10.140274,1183.032
Tuvalu,1980,0,0
Tuvalu,1990,0,326.0515
Tuvalu,2000,0,0
Tuvalu,2010,0,4233.6636
Tuvalu,2020,0,46822.027
USSR,1900,0.38532835,10.567558
USSR,1910,0,0
USSR,1920,86.20954,359.19965
USSR,1930,0,0
USSR,1940,7.098489,0
USSR,1950,0,0
USSR,1960,0.007090633,4.291924
USSR,1970,0.000517451,0
USSR,1980,0.9111939,49.034195
USSR,1990,0.014901367,5.5004463
USSR,2000,0,0
USSR,2010,0,0
USSR,2020,0,0
Uganda,1900,0,0
Uganda,1910,0,0
Uganda,1920,0,0
Uganda,1930,0,0
Uganda,1940,0,0
Uganda,1950,0,0
Uganda,1960,0.11422616,32.105984
Uganda,1970,0,384.2749
Uganda,1980,0,376.818
Uganda,1990,0.10773077,455.78162
Uganda,2000,0.08015288,997.10236
Uganda,2010,0.21540704,292.70667
Uganda,2020,1.8055851,572.2595
Ukraine,1900,0,0
Ukraine,1910,0,0
Ukraine,1920,0,0
Ukraine,1930,0,0
Ukraine,1940,0,0
Ukraine,1950,0,0
Ukraine,1960,0,0
Ukraine,1970,0,0
Ukraine,1980,0,0
Ukraine,1990,0.007549141,397.8696
Ukraine,2000,0.19029906,135.43709
Ukraine,2010,0.061907694,27.713978
Ukraine,2020,0.015189283,44.534443
United Arab Emirates,1900,0,0
United Arab Emirates,1910,0,0
United Arab Emirates,1920,0,0
United Arab Emirates,1930,0,0
United Arab Emirates,1940,0,0
United Arab Emirates,1950,0,0
United Arab Emirates,1960,0,0
United Arab Emirates,1970,0,0
United Arab Emirates,1980,0,0
United Arab Emirates,1990,0,0
United Arab Emirates,2000,0,0
United Arab Emirates,2010,0,0.20731567
United Arab Emirates,2020,0,0
United Kingdom,1900,0,0
United Kingdom,1910,0,0
United Kingdom,1920,0,0
United Kingdom,1930,0,0
United Kingdom,1940,0,0
United Kingdom,1950,0.7990522,0
United Kingdom,1960,0.029284794,0.12688227
United Kingdom,1970,0.001066765,0
United Kingdom,1980,0.012699011,0
United Kingdom,1990,0.03849178,45.72662
United Kingdom,2000,0.06451717,61.948334
United Kingdom,2010,0.14770705,13.978462
United Kingdom,2020,1.2749661,0.23859419
United States,1900,0.96497786,0
United States,1910,0.26846015,0
United States,1920,0.27893856,0
United States,1930,0.2775866,0
United States,1940,0.09835966,0
United States,1950,0.18190156,0
United States,1960,0.18970421,0.023397977
United States,1970,0.12144023,0.457386
United States,1980,0.16588843,50.31063
United States,1990,0.13122047,147.01636
United States,2000,0.13741104,687.2496
United States,2010,0.09504708,2704.2778
United States,2020,0.12452655,6.5067267
United States Virgin Islands,1900,0,0
United States Virgin Islands,1910,0,0
United States Virgin Islands,1920,0,0
United States Virgin Islands,1930,0,0
United States Virgin Islands,1940,0,0
United States Virgin Islands,1950,0,0
United States Virgin Islands,1960,0,0
United States Virgin Islands,1970,0,0
United States Virgin Islands,1980,0,198.49147
United States Virgin Islands,1990,0.9547224,0
United States Virgin Islands,2000,0,0
United States Virgin Islands,2010,0.6872178,0
United States Virgin Islands,2020,0,0
Upper-middle-income countries,1900,0.5580592,2.8935227
Upper-middle-income countries,1910,2.6684911,53.76805
Upper-middle-income countries,1920,51.5668,281.7577
Upper-middle-income countries,1930,56.766327,125.47306
Upper-middle-income countries,1940,1.5721419,2.5310397
Upper-middle-income countries,1950,18.549572,109.55504
Upper-middle-income countries,1960,0.1400656,71.21605
Upper-middle-income countries,1970,2.6343658,395.4289
Upper-middle-income countries,1980,0.38807288,1564.3212
Upper-middle-income countries,1990,0.2982448,6011.4985
Upper-middle-income countries,2000,0.52277434,5593.665
Upper-middle-income countries,2010,0.35368606,2881.8604
Upper-middle-income countries,2020,0.052651145,982.50116
Uruguay,1900,0,0
Uruguay,1910,0,0
Uruguay,1920,0,0
Uruguay,1930,0,0
Uruguay,1940,0,0
Uruguay,1950,0,0
Uruguay,1960,0.029284185,139.33049
Uruguay,1970,0,0
Uruguay,1980,0,52.610725
Uruguay,1990,0.009196313,54.496975
Uruguay,2000,0.0574089,384.5465
Uruguay,2010,0.041242845,224.25714
Uruguay,2020,0,6.9989476
Uzbekistan,1900,0,0
Uzbekistan,1910,0,0
Uzbekistan,1920,0,0
Uzbekistan,1930,0,0
Uzbekistan,1940,0,0
Uzbekistan,1950,0,0
Uzbekistan,1960,0,0
Uzbekistan,1970,0,0
Uzbekistan,1980,0,0
Uzbekistan,1990,0.014387193,23.160854
Uzbekistan,2000,0,241.28125
Uzbekistan,2010,0.004473895,0
Uzbekistan,2020,0.016614437,69.749405
Vanuatu,1900,0,0
Vanuatu,1910,0,0
Vanuatu,1920,0,0
Vanuatu,1930,0,0
Vanuatu,1940,0,0
Vanuatu,1950,19.067959,0
Vanuatu,1960,0,0
Vanuatu,1970,0.43149015,0
Vanuatu,1980,4.1748548,12470.775
Vanuatu,1990,2.7194586,1151.329
Vanuatu,2000,0.19564891,3664.614
Vanuatu,2010,0.8424419,9739.029
Vanuatu,2020,0.32082748,14255.863
Venezuela,1900,0,0
Venezuela,1910,0,0
Venezuela,1920,0,0
Venezuela,1930,0,0
Venezuela,1940,0,0
Venezuela,1950,0.18219519,0
Venezuela,1960,0.26640382,99.62422
Venezuela,1970,0,0
Venezuela,1980,0.15146133,22.458624
Venezuela,1990,12.622909,189.72359
Venezuela,2000,0.06259504,50.78652
Venezuela,2010,0.025648484,56.43476
Venezuela,2020,0.22277372,1879.3489
Vietnam,1900,0,0
Vietnam,1910,0,0
Vietnam,1920,0,0
Vietnam,1930,0,0
Vietnam,1940,0,0
Vietnam,1950,0.39213073,0
Vietnam,1960,2.0349634,224.43564
Vietnam,1970,0.11949272,882.85266
Vietnam,1980,0.6870283,5475.631
Vietnam,1990,1.0409244,2117.3137
Vietnam,2000,0.4146014,2469.4243
Vietnam,2010,0.1504648,1910.3124
Vietnam,2020,0.13755806,1063.9608
Wallis and Futuna,1900,0,0
Wallis and Futuna,1910,0,0
Wallis and Futuna,1920,0,0
Wallis and Futuna,1930,0,0
Wallis and Futuna,1940,0,0
Wallis and Futuna,1950,0,0
Wallis and Futuna,1960,0,0
Wallis and Futuna,1970,0,0
Wallis and Futuna,1980,0.7726781,3477.0515
Wallis and Futuna,1990,3.590922,0
Wallis and Futuna,2000,0,0
Wallis and Futuna,2010,0,984.5621
Wallis and Futuna,2020,0,0
West Germany,1900,0,0
West Germany,1910,0,0
West Germany,1920,0,0
West Germany,1930,0,0
West Germany,1940,0,0
West Germany,1950,0,0
West Germany,1960,0,0
West Germany,1970,0,0
West Germany,1980,0,0
West Germany,1990,0,0
West Germany,2000,0,0
West Germany,2010,0,0
West Germany,2020,0,0
World,1900,8.8796625,2.642949
World,1910,1.7822134,19.717001
World,1920,26.07606,135.50304
World,1930,21.538235,45.718086
World,1940,16.235989,11.381683
World,1950,7.2051105,72.61071
World,1960,5.234584,556.2173
World,1970,2.5266924,1329.9221
World,1980,1.5929654,2476.1475
World,1990,0.7703374,3375.779
World,2000,1.1892716,3459.5598
World,2010,0.6383665,2389.5344
World,2020,0.16302094,1337.6929
Yemen,1900,0,0
Yemen,1910,0,0
Yemen,1920,0,0
Yemen,1930,0,0
Yemen,1940,0,0
Yemen,1950,0,0
Yemen,1960,0,0
Yemen,1970,0,0
Yemen,1980,0,0
Yemen,1990,0.27528596,92.25118
Yemen,2000,0.20864062,12.097689
Yemen,2010,0.087299496,102.81902
Yemen,2020,0.20263284,635.8264
Yugoslavia,1900,0,0
Yugoslavia,1910,0,0
Yugoslavia,1920,0,0
Yugoslavia,1930,0,0
Yugoslavia,1940,0.012697431,0
Yugoslavia,1950,0,0
Yugoslavia,1960,0.6021563,272.25476
Yugoslavia,1970,0.06843146,149.30501
Yugoslavia,1980,0.055957027,3.527031
Yugoslavia,1990,0,0
Yugoslavia,2000,0,0
Yugoslavia,2010,0,0
Yugoslavia,2020,0,0
Zambia,1900,0,0
Zambia,1910,0,0
Zambia,1920,0,0
Zambia,1930,0,0
Zambia,1940,0,0
Zambia,1950,0,0
Zambia,1960,0,0
Zambia,1970,0.020403046,55.64467
Zambia,1980,0,1067.9084
Zambia,1990,0,5064.8696
Zambia,2000,0.04806133,3560.9468
Zambia,2010,0.008701699,781.0148
Zambia,2020,0.010278844,3972.4841
Zimbabwe,1900,0,0
Zimbabwe,1910,0,0
Zimbabwe,1920,0,0
Zimbabwe,1930,0,0
Zimbabwe,1940,0,0
Zimbabwe,1950,0,0
Zimbabwe,1960,0,0
Zimbabwe,1970,0.018041406,0
Zimbabwe,1980,0,0
Zimbabwe,1990,0.031173244,4991.318
Zimbabwe,2000,0.10002926,6946.7803
Zimbabwe,2010,0.7269197,9403.1875
Zimbabwe,2020,0.006252531,360.22888